high_freq_ngram,low_freq_ngram,frequency_ratio,log_ratio,category,jsd_layer_0,jsd_layer_1,jsd_layer_2,jsd_layer_3,jsd_layer_4,jsd_layer_5,jsd_layer_6,jsd_layer_7,jsd_layer_8,jsd_layer_9,jsd_layer_10,jsd_layer_11,jsd_layer_12,jsd_layer_13,jsd_layer_14,jsd_layer_15,jsd_layer_16,jsd_layer_17,jsd_layer_18,jsd_layer_19,jsd_layer_20,jsd_layer_21,jsd_layer_22,jsd_layer_23,jsd_layer_24,jsd_layer_25,jsd_layer_26,jsd_layer_27,jsd_layer_28,jsd_layer_29,jsd_layer_30,jsd_layer_31
like,fancy,103.61,2.015,emotional,0.39533865652600375,0.37615123559729846,0.398062151466247,0.3796874824350411,0.39654535963461635,0.39726430625546155,0.41274710523388514,0.4356176504791194,0.4480201384805105,0.43999566782289234,0.4345126052940973,0.4462227220972278,0.44901620993917296,0.4514412498795689,0.44715768727328176,0.4336811393573873,0.41086368665562883,0.38618978321145464,0.3605006510082378,0.3494367106077628,0.3164020942165713,0.33805300983863085,0.3581283945829331,0.37587562968070276,0.38708487502129585,0.40495711900653514,0.4047384304293759,0.3958169655756453,0.3856339116770336,0.35572192815649173,0.31363042658106494,0.23902744177475693
invent,contrive,301.94,2.48,creation,0.43824114356523214,0.4242393597794242,0.38274752083514246,0.33085354636253406,0.333915218563743,0.34882907722011625,0.3640087097743665,0.3809687932444521,0.3815687335441743,0.3981644068972357,0.39092263047504283,0.3910421878403895,0.3936345278136198,0.39950470220467993,0.38752042760030825,0.3937359584214289,0.36472142081429915,0.33850330446590843,0.324099906566807,0.30003563080361295,0.2820554866733822,0.2974058092176698,0.3248603056893507,0.3378108398934449,0.3446043273929792,0.359316316071437,0.3755595150216822,0.3513100709180391,0.3417227992239762,0.3347340309065539,0.2897293162932295,0.21967560072716075
talk,converse,66.7,1.824,communication,0.3494738382747471,0.31739429410055964,0.32387849413243264,0.27443608216849125,0.2983386808793874,0.3046015798774574,0.33334092146075794,0.3570861145215467,0.3703837998637065,0.3871844766819509,0.40326937802811397,0.3953995737965488,0.40382236111232983,0.39758022479043753,0.39354278560443,0.38016928758636903,0.35821373171589677,0.3321792507381981,0.3336017152731131,0.3080509897418911,0.27357039938002103,0.27195420723147734,0.2957927585045944,0.31069326024277055,0.32542115266312094,0.3306526299238581,0.3286198243463344,0.331374846461967,0.30846237157675527,0.2874655790513448,0.2348165647838133,0.1844807268271706
wish,yearn,108.75,2.036,emotional,0.4497377667622076,0.42282745197429933,0.3989673177546693,0.33507315896363143,0.3561432826665435,0.3727627031036019,0.392935090329962,0.40158340786305247,0.40003557462756034,0.40258776200354407,0.41230004093207556,0.413275002412383,0.4163071307712245,0.4030899461373177,0.40478409071170884,0.3936544111365482,0.3714839065285076,0.3367560704805703,0.3270016133273977,0.3078964676747904,0.26689524340610193,0.2813670708572841,0.3076645013199147,0.31634826535614446,0.32160473383782284,0.3380717206198428,0.3376124605139629,0.3309892011881121,0.33701975127349176,0.30867692880798836,0.2711319756642012,0.20222375262617398
chew,masticate,241.67,2.383,consumption,0.4404490444446802,0.44451979011217224,0.4131188442669077,0.3605073210440723,0.36284267202596154,0.3691900625019163,0.38585561221833364,0.39222764543541777,0.39857106679615895,0.3921830988555467,0.3984134461672305,0.3869718448822901,0.40302565885370817,0.3944569090565151,0.39363534913442316,0.382014447115725,0.3705854423606009,0.35740845204957344,0.34314726267485085,0.32112118823899893,0.28776443076854025,0.31389963252841,0.34941158233305136,0.35352191364871516,0.3730798875546582,0.3821802625470707,0.39150095136789603,0.39390964623965585,0.38226539606328636,0.3697641939997934,0.3265315801325977,0.24088401616062063
explain,elucidate,39.92,1.601,communication,0.3385347129175521,0.3292107886718648,0.28471525024521355,0.25155854703395897,0.2617973984778501,0.27726952929574944,0.2950090711517841,0.30050466986898006,0.31310146512267145,0.3126434905788871,0.3267956461536875,0.319496718965089,0.31707281153725475,0.3184490842698564,0.31406480686579413,0.3237955783753755,0.2866790251402974,0.25861114016383097,0.24383824772750862,0.22653813409065138,0.20225428653811459,0.19252138790332762,0.20663910249755388,0.21363333966335166,0.208990334399979,0.20545115594724256,0.2034010990613676,0.19880383158740128,0.2041855836050983,0.1947311027472848,0.16357070738508594,0.12795164554123914
make,fabricate,947.44,2.977,creation,0.41924976227428307,0.4107515516085984,0.3563190344121686,0.319906191825111,0.3324254134757375,0.35340027611169234,0.3820949492316951,0.3976085125512583,0.4058989733550137,0.398733234698163,0.41318038819495334,0.414071476488262,0.39924410180142295,0.4063186754168319,0.3924540606193352,0.39170178338133366,0.3735395204373892,0.3575827703319858,0.32683771279088114,0.31033178736634215,0.29222648127872386,0.31036775464964617,0.34723956640509,0.35381513871187376,0.38067925686140025,0.39538603559262464,0.40293720565027813,0.3916031086785066,0.3806719010110058,0.3802601689289212,0.341753191732348,0.268456149065495
drink,imbibe,364.93,2.562,consumption,0.4174766674623066,0.4410296629390528,0.38974621661365116,0.33245888432624376,0.31710550019826156,0.3239031329165091,0.34162608800497457,0.35783664587375275,0.3637537356488909,0.3623478516949632,0.3813908412049067,0.37103509826936787,0.3912063614278428,0.3727227647659318,0.36721053638584067,0.3763331829975772,0.3361521841983077,0.31425910496952575,0.2939493155885399,0.288209771170734,0.2538238265867954,0.24936933995590493,0.2652859535111094,0.27413795830673826,0.28026265426348007,0.29060665356327164,0.30863481012712124,0.2995901706563096,0.29982553100216275,0.3047799874300363,0.24725741353338937,0.19885553833268443
think,cogitate,18915.17,4.277,cognitive,0.4389907579230775,0.4392888999499437,0.41916368096439116,0.3840463106652775,0.3710395023569497,0.36285514462800544,0.3690999497549502,0.3781000577084439,0.36864872423050277,0.3754626158899592,0.3898541040706049,0.3730047964740949,0.3864858877362508,0.37494218066139506,0.35224868358238953,0.34692431743046703,0.32613870873143525,0.310720184092667,0.30382632484530764,0.29415778954142224,0.26320141668152713,0.24849001031896337,0.2695817906634759,0.285753599350519,0.29764768749512727,0.30617286103268504,0.31163987485267397,0.3161657178745297,0.31513768126610725,0.29241573900393714,0.2499758373272698,0.19011887545398476
tell,relate,10.18,1.008,communication,0.3507866003240372,0.32456649042193186,0.30699543389650097,0.2764870203026042,0.29252310980031376,0.30844286355826794,0.3545332930633681,0.3852204129112545,0.40619411093092783,0.4251331658313809,0.4225389324407972,0.4156066561798586,0.4373783984324145,0.42630850322152525,0.4134829950881612,0.4098124308155957,0.3784938481036808,0.3544985861183684,0.33262805750466884,0.30703821890939087,0.2888282334344254,0.31149618690548736,0.3471188051806188,0.36920916019680483,0.37156534015592935,0.39663402686265714,0.39898913899001476,0.3748923388012212,0.3565625953511498,0.3334484908678391,0.30042150481922336,0.23574485734122042
fly,soar,22.57,1.354,movement,0.44979871081998396,0.4277179893551593,0.37238858090860016,0.3018466066767862,0.32480588051683423,0.3267502644801933,0.36441807386324887,0.38909234103413715,0.3954403539905213,0.40890388066251593,0.4022194275366654,0.4029922395007559,0.40875543879272525,0.40424684984991593,0.404884890187678,0.39914547120053656,0.3881435597685783,0.3746641862972925,0.3571558557894602,0.3269321682840626,0.31273733265716464,0.33971761364507747,0.36334022017202067,0.3938424511174356,0.3886666843888035,0.4172858343521249,0.41412330246369505,0.4122469428854516,0.41215527650319417,0.3977380526176827,0.3600467923025721,0.2953010853599067
form,mold,16.23,1.21,creation,0.3637722729738124,0.3615161737405121,0.35771753034481374,0.37034395100433226,0.39384488909829063,0.41148087445364423,0.41992567208632914,0.4316398982188563,0.44044012178045105,0.4532859282935756,0.4659750355144253,0.46322652231035255,0.45123938051771517,0.45526562135890125,0.46863926956522606,0.45683617504973917,0.4482571309176615,0.4393140410906411,0.4410723767231789,0.4302811272449871,0.42177939441607315,0.4204711787488836,0.42448338996610907,0.4345545553136592,0.43401210559355846,0.44805347740397855,0.4445282178539101,0.4395613644384598,0.426417061709234,0.4133063293283465,0.3698978367183505,0.31142525975039625
spot,espy,2571.15,3.41,perception,0.425376193772116,0.442858347778164,0.41779507764570745,0.39201746711803975,0.4075342120402654,0.4086833692144945,0.43997647406695184,0.45000112610849485,0.45554713512159134,0.4660970299692612,0.46688695466572483,0.45693255311240477,0.46961367593453834,0.4578515181349413,0.461890797801467,0.45469115151937084,0.4485321549060144,0.42878703197474827,0.4121436982728026,0.3970758277750039,0.39056183746651146,0.416044722808741,0.4278092298944315,0.4428335143217461,0.44093899314651896,0.4476975195679648,0.44512562201637196,0.4379979847557327,0.4253236113280926,0.39326278510313173,0.3559073086033334,0.29169281431828176
wonder,ponder,11.16,1.048,cognitive,0.3226835817199294,0.28098163100185347,0.2826107426309278,0.2532572376661316,0.2809208773138613,0.29026500622939616,0.31137514554114915,0.32922634183034255,0.3471329091723874,0.3563417188479904,0.3749281087340053,0.38028167163452425,0.3889389089287037,0.38361047748330385,0.38747459936500206,0.3881541696455888,0.3777989944975641,0.35223448803598484,0.33030827418063813,0.29981148462097035,0.2779432654280357,0.31677823116942627,0.3435668511388897,0.34406007532929184,0.34622743836694103,0.3679953495439873,0.35898917593391044,0.3294774942156935,0.32819677721992724,0.292661726974917,0.2724619951843026,0.21671396813813437
look,gaze,71.9,1.857,perception,0.3416810424539838,0.33776036899534706,0.3380601867326519,0.2742581285837983,0.30274169054337874,0.3167887333414629,0.3651781682819466,0.3727667597124605,0.36956380363636354,0.36704043426488797,0.3750178226974935,0.36452080246952245,0.38671987177114686,0.38329098261059524,0.36021445422360177,0.35890495141790935,0.34095960612033593,0.3010710574498694,0.2986699073822746,0.26490751727436607,0.23696120927715913,0.256257786825864,0.2810652238237958,0.30268806031661966,0.30376608649777037,0.31530477807445234,0.32026206937217794,0.3201974717092745,0.3071581260903372,0.28191319519119906,0.2637536022870655,0.2061819165996806
wreck,devastate,20.8,1.318,destruction,0.40342354766802146,0.41105204657627836,0.3688666260695471,0.32253449526354094,0.334691956685019,0.3477663546936183,0.37321636696150334,0.3888932432135709,0.4038067353985688,0.40901878340201503,0.410066927909351,0.410384821771411,0.41067434503289496,0.4091400752039397,0.4072428723643929,0.391461977580822,0.3766691669429474,0.3578647751261751,0.3413350159309315,0.30880432931050517,0.29688507240140927,0.3058633270428504,0.34075128328577975,0.34531991301850123,0.36134133246794764,0.37382960824976696,0.392931254292121,0.3855108138925769,0.36600609531758166,0.3584220016623509,0.30330054211629687,0.2379752107530428
say,utter,26.32,1.42,communication,0.3830304160677587,0.3532921951995619,0.36880127571456756,0.3419557292001434,0.36520311787776455,0.3629364426879469,0.4081072783246763,0.41649496079001047,0.41672480321821515,0.4332588840949596,0.4312935679138799,0.4321592471197048,0.440537363519536,0.44086150126740065,0.42960030632654866,0.4182484120511193,0.409254255740258,0.40016159702283954,0.3845718036388597,0.3694083980668163,0.33183422691878967,0.34292842052997874,0.3821347039052002,0.4042542965821754,0.4104965495156836,0.4141256655862141,0.42401130231332873,0.42110470680048695,0.3935889052853742,0.38009677191493846,0.3483936830402534,0.2690836123209722
want,desire,15.62,1.194,emotional,0.31464777937404853,0.27276877914227715,0.2657474525676252,0.23607557612087737,0.27169192965369904,0.2693981485465128,0.2975052716389267,0.3187549038423851,0.33010971074981843,0.3345449059577977,0.33215339630537144,0.3355517979954801,0.3334581788246187,0.3348726648677159,0.3372108355408862,0.3340887947123635,0.30319327659874185,0.28513768981239873,0.25510323326455236,0.23131841493406563,0.20297702032452541,0.21128863467316342,0.23024200046339469,0.2480012409614224,0.25928066176175707,0.25979131812361894,0.26648528954295486,0.2587236796665074,0.2570760642886555,0.23888237664699868,0.20221666813456862,0.16640526171221615
believe,surmise,370.12,2.568,cognitive,0.4392072595708367,0.42509891579321424,0.40652446435708345,0.3439064399220749,0.33406090511331143,0.35269164753834265,0.39411760491794656,0.41920960978308175,0.417453171076717,0.42788953941010743,0.4288747010769107,0.4253845865508603,0.42993500101429116,0.4305514577753607,0.4112172871908341,0.41677422902785516,0.3958648937876258,0.37738382958970373,0.36533020688201795,0.33767228953289685,0.2867079589075567,0.2754614635721432,0.2772441878136408,0.27090075995425444,0.2611733133797547,0.26008773934265494,0.26873183769365117,0.249077490356862,0.24933452354999924,0.21325091365023757,0.1627382546903881,0.10788045917208965
burn,incinerate,484.28,2.685,destruction,0.4448325819244222,0.44600387834329736,0.40042727474439044,0.3607406353267836,0.3671276520579348,0.3543376984787609,0.36339238853383543,0.383447627708702,0.3736364211995892,0.378416596979113,0.37860295162642293,0.3838277515302251,0.39250318729757355,0.3923936524904713,0.3874646086750495,0.3777033391947114,0.36447167494532307,0.3526717712355181,0.32860161938014476,0.30799785247302724,0.28659541755502693,0.3105244220744354,0.35163424886745237,0.36667019784817656,0.3851275146788957,0.393937527299679,0.4026342238397719,0.40713066799277037,0.40346098774865824,0.38553494954490986,0.3597219726914115,0.29239483781611064
love,adore,84.28,1.926,emotional,0.4102298994109425,0.347461962899072,0.28889366172221553,0.22562780922907189,0.2468123256025006,0.26953692794599554,0.28298277410408423,0.2889238391137062,0.30612016216347593,0.31151967698190025,0.3069476866383706,0.32500229703211714,0.33236452343391304,0.3398371576416812,0.3270206784095279,0.33181930242498103,0.3270239447272745,0.3277312309725938,0.3156076748676513,0.28826456881292917,0.24681077674614743,0.24242749015812565,0.24367311670358502,0.2341306221498881,0.22937631790058563,0.24108992495826673,0.2385638918728315,0.23977568558643814,0.2376748081044887,0.22225527945976242,0.17586406943086097,0.1339446639093414
taste,savor,38.91,1.59,perception,0.4443605090776259,0.41296403521366787,0.36568266228825447,0.31517765021646216,0.33132393929210435,0.3173156048853198,0.32425746903573593,0.34031604103964797,0.35241848913891527,0.36341911756165995,0.364181456229631,0.36105417104231563,0.3773788493475214,0.3763663177119146,0.36704027996196503,0.3604989672175887,0.32968540199114515,0.31765649474161567,0.30999192749188675,0.2849012870150582,0.24312083186623407,0.23390272883758062,0.2534968270707608,0.2615502985122613,0.2667558263184671,0.27328757571442625,0.27825820533097656,0.26540781275524156,0.2602145926225572,0.24834700852955344,0.2006721457324609,0.1548762634467204
walk,ambulate,2296.95,3.361,movement,0.42535734691316235,0.4332897757395021,0.39389071590765745,0.3587837685727302,0.38172832591384215,0.38009850865084993,0.3767105947180275,0.38291747646670904,0.3925853264604566,0.3882563798669886,0.38976252557513347,0.3890186635922642,0.3854948079726772,0.3927857950152429,0.3842268162114535,0.3877845849018794,0.35129707601584426,0.33555778517486384,0.3202457293069428,0.3042917093849633,0.27580122202402635,0.27437490259039066,0.2944683681014765,0.30513168294345155,0.32942998313529864,0.34526193803571226,0.3594290940704904,0.36168863238944743,0.35345574620309106,0.3455414252604152,0.29716069874169426,0.23137832089166005
break,shatter,26.89,1.43,destruction,0.41895482767523684,0.42555888726114677,0.4014537831212325,0.3884314565313073,0.39771727476769425,0.4008568597771276,0.4367474707627883,0.4379661510100537,0.4465004205393545,0.4603076280037345,0.45981864517808124,0.45176697587403336,0.4620562884166576,0.4589485017577976,0.4578876928923592,0.45611912742695127,0.4494585852656813,0.4260557547995194,0.40770597165454714,0.39202107559951177,0.367353896278657,0.3767498352299626,0.3859034860270173,0.3992768039697413,0.40560927425174675,0.4086236655878815,0.41328380934267595,0.40161939420962567,0.3836955578628408,0.3511232025916977,0.3170644825854766,0.26855807751864075
guess,conjecture,34.82,1.542,cognitive,0.37458505073197146,0.352915133914116,0.3086436100344446,0.285670920400182,0.30796572033704067,0.31122162226956573,0.3475062370030283,0.37700313978372574,0.3762390218032943,0.3865669227710315,0.39494347228032156,0.3915257521549428,0.40705279732043564,0.40475366031952853,0.4062676391197887,0.39407416285701624,0.36991284615378234,0.35118817641253264,0.33808126291746576,0.3068630000284653,0.2655911334965071,0.266630194939761,0.2904056385204713,0.29960320402835117,0.307530069461029,0.3135429195102115,0.3175701235975499,0.3117383648782612,0.2980307055198884,0.2863024229835241,0.2458420755110451,0.18503214174643615
destroy,demolish,27.57,1.44,destruction,0.3720853944519211,0.3717291594181482,0.30370833679135356,0.2449337365694813,0.25480135580462865,0.24449680765031445,0.2566474184362675,0.2561728132169747,0.2536226307510527,0.23708983420510682,0.2444970528248911,0.23890920008179434,0.23963189374952226,0.24114895057187224,0.22724695724590266,0.23279216622912974,0.20993707545585294,0.19896755468450444,0.18736414210637448,0.16909595295765506,0.1480119248859561,0.1397791051893501,0.1474386588522697,0.15069123647154187,0.14490403556246134,0.14249746504316713,0.1496627178763454,0.13687564828832469,0.14826897461900995,0.1382573476916792,0.11374835064553218,0.0870931056678475
dance,cavort,252.26,2.402,movement,0.44452324032242196,0.4417899963764456,0.41899714097891094,0.3873538711175645,0.3989416251007357,0.3944808975966907,0.4155199212266095,0.4197623491457966,0.40996216999696244,0.42228821052521665,0.4241922320833623,0.41984888024452915,0.4299830369464617,0.4249929621735446,0.4093375148184307,0.40234577343038985,0.38715546250890853,0.3672718458037328,0.3498612469939521,0.32057128878060215,0.29213847633459467,0.2828241006958805,0.28030704491624947,0.2873873109757184,0.28612780487270834,0.3017276944234396,0.3117963765650345,0.30304666763112076,0.3053154181739214,0.29598337460600765,0.24476327694651273,0.2014879901942242
write,compose,24.83,1.395,creation,0.3244853357847226,0.2817525925424016,0.26906442752483384,0.21760505729473545,0.24473074407276812,0.27737420282335573,0.32263384557004615,0.35120158226546383,0.3399453640816172,0.3651343892366988,0.36353629387158193,0.3640690300382763,0.38709725473412004,0.368809671568019,0.3666263507253492,0.3658147053549033,0.32831520933527986,0.30253350722720024,0.28670162480302164,0.2605828504246325,0.22094783838418863,0.23882453136169243,0.24898000832170242,0.25829667202117,0.2589936410356132,0.26615271013280034,0.2813000827547504,0.25685597603139465,0.2609710128032102,0.23139689767991467,0.19069631480289334,0.13632380877809283
worry,fret,19.32,1.286,emotional,0.3490460487654247,0.3189744509642583,0.29528477759689326,0.25581278895139736,0.2989424999811403,0.31544039897840065,0.34095701520738486,0.365865497936078,0.3935838554552856,0.3915127526647696,0.393050822040652,0.4014368271421158,0.40389561315336936,0.4110376632400768,0.4026289206776102,0.39033792926971306,0.38891597553061186,0.3609306133731796,0.3431978767833056,0.3164358770937898,0.3038464256236707,0.3313106972212681,0.3410315673720603,0.3687423426784785,0.35761990639493324,0.37659315527921033,0.37920770392099545,0.36403276580927324,0.34948505051099343,0.32116239283016557,0.28455086956225206,0.22282504692837163
bite,gnaw,64.54,1.81,consumption,0.43224041060271734,0.4256117194627368,0.3960355967910755,0.3426852567300849,0.33742929046363146,0.3349641684660154,0.3731963617797084,0.37642907086016236,0.3792920455706392,0.37756271230412997,0.38698073118097126,0.3884854527601753,0.39657784256939055,0.3906838250168226,0.38210350224377954,0.3603845211636121,0.3359691162862082,0.30077430930046434,0.28076509203937133,0.2594402044060108,0.22660007020182454,0.24505829560591974,0.26454730848797725,0.27556878979477495,0.28730539876587424,0.2875737024526262,0.2942718611994566,0.27743619887043036,0.26642854874148425,0.24382113964423635,0.20874605477869523,0.16022684406895038
enjoy,relish,77.5,1.889,emotional,0.4356852915527806,0.40866981566375815,0.3571017067248684,0.30288598174133,0.3369249724569616,0.3549602358834631,0.37326368707899515,0.3923836899282424,0.3929354429558358,0.3946516505115892,0.40623676631962247,0.4078564286602714,0.4064935786285692,0.4035332591232136,0.4059920667509092,0.39257438849412013,0.38412901179875547,0.35982102303319036,0.3499477791648128,0.31338139671293685,0.2773593847493807,0.2806921774497106,0.28448255764604174,0.28415070426412237,0.28325319307774993,0.2852028612732138,0.2846603060631963,0.27581474257280636,0.28143835389190774,0.2581434817169105,0.20125086895465993,0.15100079086953117
stare,gawk,16.25,1.211,perception,0.43192145649412883,0.43728774262889214,0.40265592785663396,0.34580977418111003,0.32798385180200407,0.3578442332743132,0.389521074894708,0.4031431568532493,0.4070427208806028,0.40756375250003485,0.4214314044007597,0.41953246468221056,0.42815043025093213,0.42829042244044,0.4106094432889025,0.405977792928804,0.3838549296162931,0.357005440260392,0.3306393693707159,0.3033593601153486,0.2798562289062374,0.28410227852338754,0.3204038320607726,0.3269787665533683,0.33740673673056487,0.35248013479620116,0.35334939371987917,0.32673727818682863,0.31826658910838285,0.29414619711981005,0.2504262577948534,0.18682067161996158
understand,fathom,159.44,2.203,cognitive,0.3961704798533404,0.38839986401797066,0.37427836458120456,0.3261866680884512,0.3582213563984682,0.360833963120313,0.3768003132435543,0.40396799569513686,0.42294222373219936,0.425421997120806,0.4269966621571907,0.4383794066266006,0.43351814665077204,0.4383025180087383,0.43168275488648933,0.4147294136849319,0.4072974839460596,0.394760893000737,0.37083749156133095,0.358642985970869,0.3351559862557493,0.3367822599239458,0.33286127269891447,0.34546671595371736,0.3418169721508014,0.3388116288497398,0.3451931748144753,0.32190366511755975,0.3068176316528366,0.2841408173436564,0.23278761291827724,0.17140717634016062
run,sprint,42.2,1.625,movement,0.37960494930157673,0.3357800406363081,0.3431506942237347,0.31545774500584867,0.3270370348751805,0.3616635802969562,0.39150141897159974,0.39565490350226434,0.4140960202662156,0.43241456083785823,0.42980490593242326,0.42771174720018956,0.43157921054396525,0.4343653969904925,0.4432221607636594,0.4296444208437262,0.40909114394413315,0.3925647393227614,0.3713172292846901,0.3417408685276493,0.30934437183870944,0.3160458712832971,0.3434707870466994,0.36194233260984965,0.3737683250969291,0.39717556982033,0.39589406510362146,0.38310526205822704,0.37642161640073063,0.36534473712656845,0.31807729301354126,0.25936096624127936
realize,apprehend,73.33,1.865,cognitive,0.434074457009209,0.4063312914891574,0.3528495015574513,0.2902629437075623,0.2969699119330517,0.2859100034774721,0.3088560172375985,0.3460399330006285,0.35784221426179674,0.360427323763515,0.3752692675870344,0.37233779127699485,0.38083727644225523,0.371515543160795,0.37256196367752853,0.36378938510754166,0.3316523273222457,0.303206030336711,0.2646550418994471,0.2365935974054136,0.20991780882916197,0.21461540932131734,0.23192434030110748,0.22304970938541663,0.2269616579723025,0.22571866398117452,0.2288646550080054,0.20443432737401668,0.2026929588711161,0.19485691564636892,0.14442714953242125,0.10809565917475557
notice,discern,11.38,1.056,perception,0.3552501741061384,0.35597871923575264,0.34437721960382284,0.3178555628161627,0.34693435997953787,0.36060631449581887,0.39869288533384306,0.42300685929666,0.43600885313014115,0.4439398865660026,0.45099842260028633,0.44300844001640544,0.4523929162039434,0.44577785957795446,0.43607834685341185,0.4424969203813525,0.41833057597240014,0.39567190171650646,0.37924042456693446,0.3410788096253876,0.3257304971360123,0.34413383245278234,0.3858969073881932,0.3923227104014393,0.38959368219854595,0.3928670634208471,0.4053430176927567,0.37831333198290845,0.36266971312083346,0.33907533210838325,0.30038874536019833,0.2486765206872214
forget,disremember,8018.47,3.904,cognitive,0.40841610725874034,0.387427856127795,0.371043249782266,0.32768464634920347,0.3400140861128496,0.34343768041348716,0.3365173520373626,0.34252118330555226,0.33107694699518186,0.3363996429243497,0.33933060096662526,0.33293145690687764,0.3449282995621822,0.32990410585771573,0.32045303841213435,0.3191960231519518,0.3025676651782344,0.28286010812079576,0.2753470916803355,0.2616384422567771,0.2388604425029,0.23466687569086342,0.24621517456790046,0.25278479264459436,0.26105800350837305,0.2632266647074035,0.28342341370933466,0.26886500642925365,0.26496009507222745,0.2504024847550952,0.21419883670257123,0.15906061831116133
design,devise,129.79,2.113,creation,0.3619931759985535,0.3582256464728075,0.3376850178800871,0.31587051010210176,0.3473211037791699,0.3755959594243868,0.39647122166127274,0.4128272118541694,0.43230982932853723,0.4365984776356028,0.4313980942341314,0.41390278163163546,0.4224462901025182,0.42656118512759694,0.4162358089987789,0.4218625365968012,0.39258683173472947,0.3691561642651887,0.3630845436631449,0.3294118637417289,0.3005875568839038,0.31009047064985396,0.33225602019630857,0.3368296977003018,0.35395093054675175,0.35187176091352734,0.3478272525915528,0.3276607954613634,0.3320087084317409,0.3065451773666661,0.26301722375347325,0.22455983196674592
smash,pulverize,61.14,1.786,destruction,0.43081528334603925,0.42968112353717464,0.38623265889947744,0.320493931477716,0.34437291939940107,0.36000751249046914,0.38323363343667205,0.4003138403479264,0.41042547790230216,0.4252271779769485,0.43008514241377194,0.4258322427445866,0.4210027411093197,0.42710662803858696,0.42646187786348566,0.4191279957579058,0.3964055296232249,0.3772540955964472,0.3598719636290399,0.3415976475490761,0.3128838206130261,0.3357327362746926,0.359814078067076,0.3716296885148315,0.38033426547426274,0.389950658179652,0.400359394303093,0.392221923628394,0.37449444936923076,0.3617511509444204,0.328245793417974,0.25345527201340456
stroll,saunter,12.64,1.102,movement,0.44071409447829646,0.4305470665947094,0.386630749201076,0.3360420238730954,0.3100907414739422,0.2966539448413076,0.31343585285939624,0.32388348852375826,0.33328502215678507,0.32306036385841197,0.3215466530158143,0.317361288358852,0.3258086288492741,0.32194124862657114,0.3016976979366655,0.28672617925303157,0.2645412289230787,0.23134340886028593,0.21948564611352378,0.1921067826554149,0.16365467608339257,0.17176310482033075,0.17791718061279505,0.18490482827615104,0.19553952637805347,0.19745742348059866,0.198502967802274,0.20070430282026927,0.19458340979204936,0.18215576659418767,0.15306619078001127,0.11116571019252633
speak,articulate,28.51,1.455,communication,0.38758976521687893,0.35687269195830384,0.3478117922869881,0.31841399748215565,0.31744160802904076,0.32404676091155976,0.38080587454714077,0.40090880918161853,0.4105409713389195,0.41519487289941254,0.42271955942678086,0.42061323564280345,0.4317370932925574,0.4213569052284054,0.4240542905599394,0.4122943654634426,0.3813525770865809,0.373405322288847,0.34973494970502533,0.3402596857820456,0.3049221397878895,0.30848533665251054,0.33640854834338363,0.3386715886861664,0.3456052747600229,0.35490723189517087,0.3573871169883226,0.350446852792592,0.32522690416959654,0.2994055800557788,0.26436002473988285,0.20033039180680998
rush,hasten,23.69,1.375,movement,0.444705316220809,0.43928885567665255,0.3757114175480136,0.31908266318733847,0.33162551186915984,0.34015860079564775,0.3663462599987759,0.39096468210506485,0.39347328942900345,0.4047661276533724,0.4084768857057578,0.3999309176260569,0.410291758414732,0.3994792861821389,0.4022289835345021,0.3972481577219946,0.388046881370582,0.36863550638199405,0.34957575773483796,0.3187343116742487,0.28025155012024094,0.3000820526450594,0.3171278499982253,0.331097704518695,0.3320868132075364,0.3346066182041967,0.3476771066711121,0.332397748787788,0.333101175135175,0.3050488946413526,0.27246777764431984,0.20221615171714452
shout,vociferate,4848.15,3.686,communication,0.4437815915941078,0.4407412822316147,0.42041860768220746,0.3764184852346657,0.38646895225653655,0.38836082002530903,0.39788741300961017,0.4109483520643724,0.4179813485946127,0.4128360896389548,0.4233991443762045,0.4240086786613543,0.42777281452713267,0.41605161734496865,0.41410253226280114,0.3932492970716548,0.37446685821574915,0.34471234438559134,0.3310638316003901,0.32635450030261126,0.30246648061115616,0.3085050936209326,0.33698416641739176,0.3298007829882216,0.34672406040591797,0.3459378264550984,0.36459930148445563,0.35451078390849117,0.3582438304027453,0.3297532490945464,0.28880424140737115,0.22226581034213455
hate,loathe,41.44,1.617,emotional,0.42888647235888305,0.4040952011878196,0.37703262474509547,0.2984807132676137,0.2981906523210863,0.29745581030156676,0.31179661133257497,0.3136611428500579,0.33584843434457207,0.33346329406862485,0.328104187479179,0.3402946789556356,0.3492768574359369,0.352237650490683,0.3391825122685661,0.3454577870568159,0.31864773047063166,0.30218254846118164,0.2858449767414609,0.2634299106296866,0.22437068277454414,0.22784777645933554,0.2401235782222034,0.25173624286711194,0.2440908364564916,0.25256562997770726,0.26247884794723964,0.24083298832576544,0.2426430553934762,0.2285080407722873,0.1927421107686053,0.14292523760557274
ruin,ravage,43.42,1.638,destruction,0.4343896041737121,0.4085848044725671,0.35792528689101744,0.2957079242288142,0.31366476677242916,0.30181374402882316,0.32476617162006544,0.3276871904088554,0.34046164471121704,0.35280761148245143,0.35108523419281673,0.3527498137577857,0.3540654639760081,0.36962518319730525,0.3567862055916675,0.3502665402614374,0.3391115467263655,0.3056207182892062,0.2785533167831059,0.23954816277464153,0.2152674324719652,0.2278363178483691,0.2405097812372989,0.24909115010270777,0.2514922906626442,0.2593607875671411,0.26383357580155276,0.2571647211533108,0.2553272423426028,0.23216215834072368,0.19232634898418635,0.14270784743745046
see,perceive,106.58,2.028,perception,0.3751536997649859,0.3316070973528238,0.31460522440371613,0.25775597700493835,0.27985156096982466,0.29765242672979914,0.34632907086248427,0.3644681205800556,0.37155677713605484,0.37712376007660786,0.3821832067826319,0.38179122412238575,0.3956471751717324,0.3915991290435539,0.374786994150451,0.3804867916840585,0.34551988229857744,0.34082318962115044,0.3239320521104677,0.31022865519399756,0.2854384458901487,0.3103529574344921,0.3387552744015697,0.34288964219648516,0.3502869188318582,0.3678046448168846,0.3724210408621976,0.3490402333619127,0.33861688784998434,0.3358776315187745,0.2979475887878491,0.24004417501916725
hope,aspire,62.98,1.799,emotional,0.4171030365115843,0.4056813357775081,0.36193514969778695,0.3255662041831684,0.34092931335709603,0.34682420043124923,0.358364657384855,0.38255760320288856,0.37729573619988727,0.38993545306947563,0.39493935952202963,0.40731997574228374,0.4024752571620746,0.3929754676143379,0.3906009573711323,0.3849104389013799,0.36608297206072066,0.34608173215494314,0.33022820799967956,0.3112017946297755,0.2865270839799128,0.2972524796719407,0.31522651872306506,0.32143647395630315,0.3213175360319027,0.32642395723900275,0.3357252143637923,0.3192420324197287,0.31214166301846796,0.2885522949969304,0.23661892966130274,0.1819487460905409
listen,heed,23.65,1.374,perception,0.3518763864813089,0.34780469365182387,0.30294156424545915,0.2739743899172282,0.29118531055733227,0.32011017069862396,0.37597153612506584,0.39148535461576206,0.38987011562862717,0.4056634654794471,0.4032069915645262,0.40604968492359583,0.4070508875581694,0.4089793029951957,0.4044944371063136,0.39886835449435065,0.3574480371914484,0.3410798905617316,0.31630396133892896,0.2807136905915804,0.2531595500066434,0.265531193863468,0.2840562852181015,0.2779338623916122,0.2908296091618192,0.28828516495089157,0.29121600447014107,0.2754346590993878,0.2773992804590176,0.25439809245967837,0.21359095128751515,0.1603817147190099
remember,recollect,123.1,2.09,cognitive,0.4073216473811788,0.3556927596496185,0.2894529247101402,0.2446581721014597,0.24810812909818064,0.2558353598141176,0.2767341973245596,0.2869462398160995,0.29154093971541006,0.294081136132938,0.32178215065617416,0.3166009939454762,0.3187428401580561,0.318143659661334,0.3197226013895481,0.31299131185145,0.2898038021926093,0.2685291330045393,0.25139186630993193,0.22655688039150584,0.1920108933386794,0.20426027082353723,0.2249064315654142,0.22921730852995265,0.23480258279640667,0.2572121884370425,0.26802984598197416,0.24953908833196306,0.2466988234229805,0.23035192560694684,0.18943760772887494,0.1451805034757836
