condition,pct,seed,dataset,layer,n_ablated_per_layer,freq_auroc,freq_auroc_std,freq_accuracy
clean,0.0,0,emotion,0,0,0.9368620037807183,0.021205752230442607,0.8478260869565218
clean,0.0,0,emotion,1,0,0.9372400756143667,0.025625350779327864,0.8652173913043478
clean,0.0,0,emotion,2,0,0.9311909262759925,0.03271140778271946,0.8565217391304347
clean,0.0,0,emotion,3,0,0.9561436672967863,0.020338718572873782,0.8956521739130434
clean,0.0,0,emotion,4,0,0.9236294896030245,0.018926262398160778,0.8217391304347826
clean,0.0,0,emotion,5,0,0.9096408317580341,0.016102487288504257,0.8478260869565217
circuit,5.0,0,emotion,0,102,0.9368620037807183,0.021205752230442607,0.8478260869565218
circuit,5.0,0,emotion,1,102,0.9372400756143667,0.025625350779327864,0.8652173913043478
circuit,5.0,0,emotion,2,102,0.9311909262759925,0.03271140778271946,0.8565217391304347
circuit,5.0,0,emotion,3,102,0.9561436672967863,0.020338718572873782,0.8956521739130434
circuit,5.0,0,emotion,4,102,0.9247637051039698,0.02241172073388116,0.8391304347826086
circuit,5.0,0,emotion,5,102,0.8926275992438564,0.019366727372197683,0.8173913043478261
circuit,10.0,0,emotion,0,204,0.9368620037807183,0.021205752230442607,0.8478260869565218
circuit,10.0,0,emotion,1,204,0.9372400756143667,0.025625350779327864,0.8652173913043478
circuit,10.0,0,emotion,2,204,0.9311909262759925,0.03271140778271946,0.8565217391304347
circuit,10.0,0,emotion,3,204,0.9561436672967863,0.020338718572873782,0.8956521739130434
circuit,10.0,0,emotion,4,204,0.9190926275992439,0.0189564478438135,0.8347826086956521
circuit,10.0,0,emotion,5,204,0.89413988657845,0.01298719397906814,0.826086956521739
circuit,25.0,0,emotion,0,512,0.9368620037807183,0.021205752230442607,0.8478260869565218
circuit,25.0,0,emotion,1,512,0.9372400756143667,0.025625350779327864,0.8652173913043478
circuit,25.0,0,emotion,2,512,0.9311909262759925,0.03271140778271946,0.8565217391304347
circuit,25.0,0,emotion,3,512,0.9561436672967863,0.020338718572873782,0.8956521739130434
circuit,25.0,0,emotion,4,512,0.9323251417769376,0.025625350779327823,0.8565217391304347
circuit,25.0,0,emotion,5,512,0.9069943289224952,0.020824861026722763,0.8391304347826087
circuit,50.0,0,emotion,0,1024,0.9368620037807183,0.021205752230442607,0.8478260869565218
circuit,50.0,0,emotion,1,1024,0.9372400756143667,0.025625350779327864,0.8652173913043478
circuit,50.0,0,emotion,2,1024,0.9311909262759925,0.03271140778271946,0.8565217391304347
circuit,50.0,0,emotion,3,1024,0.9561436672967863,0.020338718572873782,0.8956521739130434
circuit,50.0,0,emotion,4,1024,0.9228733459357278,0.020091236681416172,0.8739130434782609
circuit,50.0,0,emotion,5,1024,0.9194706994328923,0.018036839987715048,0.8478260869565217
circuit_pos,5.0,0,emotion,0,102,0.9368620037807183,0.021205752230442607,0.8478260869565218
circuit_pos,5.0,0,emotion,1,102,0.9372400756143667,0.025625350779327864,0.8652173913043478
circuit_pos,5.0,0,emotion,2,102,0.9311909262759925,0.03271140778271946,0.8565217391304347
circuit_pos,5.0,0,emotion,3,102,0.9561436672967863,0.020338718572873782,0.8956521739130434
circuit_pos,5.0,0,emotion,4,102,0.9103969754253309,0.020485772679234855,0.8130434782608695
circuit_pos,5.0,0,emotion,5,102,0.8843100189035917,0.03668271068914075,0.8130434782608695
circuit_pos,10.0,0,emotion,0,204,0.9368620037807183,0.021205752230442607,0.8478260869565218
circuit_pos,10.0,0,emotion,1,204,0.9372400756143667,0.025625350779327864,0.8652173913043478
circuit_pos,10.0,0,emotion,2,204,0.9311909262759925,0.03271140778271946,0.8565217391304347
circuit_pos,10.0,0,emotion,3,204,0.9561436672967863,0.020338718572873782,0.8956521739130434
circuit_pos,10.0,0,emotion,4,204,0.907750472589792,0.02019767166607648,0.8304347826086957
circuit_pos,10.0,0,emotion,5,204,0.8635160680529301,0.028175865230830606,0.7782608695652173
circuit_pos,25.0,0,emotion,0,512,0.9368620037807183,0.021205752230442607,0.8478260869565218
circuit_pos,25.0,0,emotion,1,512,0.9372400756143667,0.025625350779327864,0.8652173913043478
circuit_pos,25.0,0,emotion,2,512,0.9311909262759925,0.03271140778271946,0.8565217391304347
circuit_pos,25.0,0,emotion,3,512,0.9561436672967863,0.020338718572873782,0.8956521739130434
circuit_pos,25.0,0,emotion,4,512,0.9145557655954631,0.014065085245926884,0.8173913043478261
circuit_pos,25.0,0,emotion,5,512,0.8578449905482041,0.021165270324806678,0.7695652173913043
circuit_pos,50.0,0,emotion,0,1024,0.9368620037807183,0.021205752230442607,0.8478260869565218
circuit_pos,50.0,0,emotion,1,1024,0.9372400756143667,0.025625350779327864,0.8652173913043478
circuit_pos,50.0,0,emotion,2,1024,0.9311909262759925,0.03271140778271946,0.8565217391304347
circuit_pos,50.0,0,emotion,3,1024,0.9561436672967863,0.020338718572873782,0.8956521739130434
circuit_pos,50.0,0,emotion,4,1024,0.9198487712665406,0.025714443966929203,0.8521739130434783
circuit_pos,50.0,0,emotion,5,1024,0.9005671077504726,0.02599089185980672,0.808695652173913
circuit_neg,5.0,0,emotion,0,102,0.9368620037807183,0.021205752230442607,0.8478260869565218
circuit_neg,5.0,0,emotion,1,102,0.9372400756143667,0.025625350779327864,0.8652173913043478
circuit_neg,5.0,0,emotion,2,102,0.9311909262759925,0.03271140778271946,0.8565217391304347
circuit_neg,5.0,0,emotion,3,102,0.9561436672967863,0.020338718572873782,0.8956521739130434
circuit_neg,5.0,0,emotion,4,102,0.9270321361058601,0.018389998498321805,0.8304347826086957
circuit_neg,5.0,0,emotion,5,102,0.9145557655954631,0.02136691289367834,0.8608695652173912
circuit_neg,10.0,0,emotion,0,204,0.9368620037807183,0.021205752230442607,0.8478260869565218
circuit_neg,10.0,0,emotion,1,204,0.9372400756143667,0.025625350779327864,0.8652173913043478
circuit_neg,10.0,0,emotion,2,204,0.9311909262759925,0.03271140778271946,0.8565217391304347
circuit_neg,10.0,0,emotion,3,204,0.9561436672967863,0.020338718572873782,0.8956521739130434
circuit_neg,10.0,0,emotion,4,204,0.9387523629489604,0.013020170402814786,0.8347826086956524
circuit_neg,10.0,0,emotion,5,204,0.9232514177693762,0.018812635621360662,0.8478260869565217
circuit_neg,25.0,0,emotion,0,512,0.9368620037807183,0.021205752230442607,0.8478260869565218
circuit_neg,25.0,0,emotion,1,512,0.9372400756143667,0.025625350779327864,0.8652173913043478
circuit_neg,25.0,0,emotion,2,512,0.9311909262759925,0.03271140778271946,0.8565217391304347
circuit_neg,25.0,0,emotion,3,512,0.9561436672967863,0.020338718572873782,0.8956521739130434
circuit_neg,25.0,0,emotion,4,512,0.9519848771266541,0.018698318365033224,0.8826086956521738
circuit_neg,25.0,0,emotion,5,512,0.9432892249527409,0.009638978286564799,0.8521739130434783
circuit_neg,50.0,0,emotion,0,1024,0.9368620037807183,0.021205752230442607,0.8478260869565218
circuit_neg,50.0,0,emotion,1,1024,0.9372400756143667,0.025625350779327864,0.8652173913043478
circuit_neg,50.0,0,emotion,2,1024,0.9311909262759925,0.03271140778271946,0.8565217391304347
circuit_neg,50.0,0,emotion,3,1024,0.9561436672967863,0.020338718572873782,0.8956521739130434
circuit_neg,50.0,0,emotion,4,1024,0.9576559546313799,0.017997172378694724,0.8913043478260869
circuit_neg,50.0,0,emotion,5,1024,0.9534971644612475,0.015707053366987488,0.8695652173913043
random,5.0,0,emotion,0,102,0.9368620037807183,0.021205752230442607,0.8478260869565218
random,5.0,0,emotion,1,102,0.9372400756143667,0.025625350779327864,0.8652173913043478
random,5.0,0,emotion,2,102,0.9311909262759925,0.03271140778271946,0.8565217391304347
random,5.0,0,emotion,3,102,0.9561436672967863,0.020338718572873782,0.8956521739130434
random,5.0,0,emotion,4,102,0.9232514177693762,0.020590168323917014,0.8347826086956521
random,5.0,0,emotion,5,102,0.9130434782608695,0.013420218789640004,0.8478260869565217
random,5.0,1,emotion,0,102,0.9368620037807183,0.021205752230442607,0.8478260869565218
random,5.0,1,emotion,1,102,0.9372400756143667,0.025625350779327864,0.8652173913043478
random,5.0,1,emotion,2,102,0.9311909262759925,0.03271140778271946,0.8565217391304347
random,5.0,1,emotion,3,102,0.9561436672967863,0.020338718572873782,0.8956521739130434
random,5.0,1,emotion,4,102,0.925141776937618,0.025853037424996256,0.826086956521739
random,5.0,1,emotion,5,102,0.9149338374291116,0.011151516978262886,0.8565217391304347
random,5.0,2,emotion,0,102,0.9368620037807183,0.021205752230442607,0.8478260869565218
random,5.0,2,emotion,1,102,0.9372400756143667,0.025625350779327864,0.8652173913043478
random,5.0,2,emotion,2,102,0.9311909262759925,0.03271140778271946,0.8565217391304347
random,5.0,2,emotion,3,102,0.9561436672967863,0.020338718572873782,0.8956521739130434
random,5.0,2,emotion,4,102,0.9258979206049152,0.026851086434124278,0.8391304347826086
random,5.0,2,emotion,5,102,0.908506616257089,0.020240088944157526,0.8565217391304347
random,10.0,0,emotion,0,204,0.9368620037807183,0.021205752230442607,0.8478260869565218
random,10.0,0,emotion,1,204,0.9372400756143667,0.025625350779327864,0.8652173913043478
random,10.0,0,emotion,2,204,0.9311909262759925,0.03271140778271946,0.8565217391304347
random,10.0,0,emotion,3,204,0.9561436672967863,0.020338718572873782,0.8956521739130434
random,10.0,0,emotion,4,204,0.9293005671077506,0.024895391505715386,0.8521739130434783
random,10.0,0,emotion,5,204,0.9032136105860114,0.018766992281271648,0.8173913043478261
random,10.0,1,emotion,0,204,0.9368620037807183,0.021205752230442607,0.8478260869565218
random,10.0,1,emotion,1,204,0.9372400756143667,0.025625350779327864,0.8652173913043478
random,10.0,1,emotion,2,204,0.9311909262759925,0.03271140778271946,0.8565217391304347
random,10.0,1,emotion,3,204,0.9561436672967863,0.020338718572873782,0.8956521739130434
random,10.0,1,emotion,4,204,0.9361058601134215,0.028926819301910885,0.8434782608695652
random,10.0,1,emotion,5,204,0.9149338374291116,0.009105175484909094,0.8391304347826086
random,10.0,2,emotion,0,204,0.9368620037807183,0.021205752230442607,0.8478260869565218
random,10.0,2,emotion,1,204,0.9372400756143667,0.025625350779327864,0.8652173913043478
random,10.0,2,emotion,2,204,0.9311909262759925,0.03271140778271946,0.8565217391304347
random,10.0,2,emotion,3,204,0.9561436672967863,0.020338718572873782,0.8956521739130434
random,10.0,2,emotion,4,204,0.9243856332703213,0.033879118060067846,0.8434782608695652
random,10.0,2,emotion,5,204,0.9172022684310018,0.03320581476377541,0.8434782608695652
random,25.0,0,emotion,0,512,0.9368620037807183,0.021205752230442607,0.8478260869565218
random,25.0,0,emotion,1,512,0.9372400756143667,0.025625350779327864,0.8652173913043478
random,25.0,0,emotion,2,512,0.9311909262759925,0.03271140778271946,0.8565217391304347
random,25.0,0,emotion,3,512,0.9561436672967863,0.020338718572873782,0.8956521739130434
random,25.0,0,emotion,4,512,0.9395085066162572,0.02411967925555626,0.8782608695652174
random,25.0,0,emotion,5,512,0.9103969754253308,0.01628783306505707,0.8173913043478261
random,25.0,1,emotion,0,512,0.9368620037807183,0.021205752230442607,0.8478260869565218
random,25.0,1,emotion,1,512,0.9372400756143667,0.025625350779327864,0.8652173913043478
random,25.0,1,emotion,2,512,0.9311909262759925,0.03271140778271946,0.8565217391304347
random,25.0,1,emotion,3,512,0.9561436672967863,0.020338718572873782,0.8956521739130434
random,25.0,1,emotion,4,512,0.9444234404536862,0.021407013484902933,0.8608695652173912
random,25.0,1,emotion,5,512,0.9330812854442344,0.012459173575262042,0.8391304347826087
random,25.0,2,emotion,0,512,0.9368620037807183,0.021205752230442607,0.8478260869565218
random,25.0,2,emotion,1,512,0.9372400756143667,0.025625350779327864,0.8652173913043478
random,25.0,2,emotion,2,512,0.9311909262759925,0.03271140778271946,0.8565217391304347
random,25.0,2,emotion,3,512,0.9561436672967863,0.020338718572873782,0.8956521739130434
random,25.0,2,emotion,4,512,0.9308128544423442,0.023689149637535784,0.8521739130434781
random,25.0,2,emotion,5,512,0.9232514177693762,0.022290212435514073,0.8391304347826087
random,50.0,0,emotion,0,1024,0.9368620037807183,0.021205752230442607,0.8478260869565218
random,50.0,0,emotion,1,1024,0.9372400756143667,0.025625350779327864,0.8652173913043478
random,50.0,0,emotion,2,1024,0.9311909262759925,0.03271140778271946,0.8565217391304347
random,50.0,0,emotion,3,1024,0.9561436672967863,0.020338718572873782,0.8956521739130434
random,50.0,0,emotion,4,1024,0.9425330812854442,0.02079738758332712,0.8739130434782607
random,50.0,0,emotion,5,1024,0.9383742911153119,0.01799717237869477,0.8391304347826087
random,50.0,1,emotion,0,1024,0.9368620037807183,0.021205752230442607,0.8478260869565218
random,50.0,1,emotion,1,1024,0.9372400756143667,0.025625350779327864,0.8652173913043478
random,50.0,1,emotion,2,1024,0.9311909262759925,0.03271140778271946,0.8565217391304347
random,50.0,1,emotion,3,1024,0.9561436672967863,0.020338718572873782,0.8956521739130434
random,50.0,1,emotion,4,1024,0.9466918714555765,0.01504706899216064,0.8695652173913043
random,50.0,1,emotion,5,1024,0.9455576559546314,0.023652918441764918,0.8695652173913043
random,50.0,2,emotion,0,1024,0.9368620037807183,0.021205752230442607,0.8478260869565218
random,50.0,2,emotion,1,1024,0.9372400756143667,0.025625350779327864,0.8652173913043478
random,50.0,2,emotion,2,1024,0.9311909262759925,0.03271140778271946,0.8565217391304347
random,50.0,2,emotion,3,1024,0.9561436672967863,0.020338718572873782,0.8956521739130434
random,50.0,2,emotion,4,1024,0.9417769376181475,0.027508460890103937,0.8739130434782607
random,50.0,2,emotion,5,1024,0.9277882797731569,0.015560767960118462,0.843478260869565
clean,0.0,0,medical,0,0,0.9867768595041323,0.011210462782025284,0.9181818181818182
clean,0.0,0,medical,1,0,0.9867768595041323,0.009917355371900844,0.9
clean,0.0,0,medical,2,0,0.9570247933884298,0.021803150344252717,0.9
clean,0.0,0,medical,3,0,0.9586776859504132,0.030477832916670684,0.9090909090909092
clean,0.0,0,medical,4,0,0.8892561983471075,0.044536177141512284,0.8363636363636363
clean,0.0,0,medical,5,0,0.8925619834710744,0.03876376661011094,0.8
circuit,5.0,0,medical,0,102,0.9867768595041323,0.011210462782025284,0.9181818181818182
circuit,5.0,0,medical,1,102,0.9867768595041323,0.009917355371900844,0.9
circuit,5.0,0,medical,2,102,0.9570247933884298,0.021803150344252717,0.9
circuit,5.0,0,medical,3,102,0.9586776859504132,0.030477832916670684,0.9090909090909092
circuit,5.0,0,medical,4,102,0.9041322314049587,0.03790857831794944,0.8363636363636363
circuit,5.0,0,medical,5,102,0.8743801652892562,0.04969684753181126,0.8272727272727274
circuit,10.0,0,medical,0,204,0.9867768595041323,0.011210462782025284,0.9181818181818182
circuit,10.0,0,medical,1,204,0.9867768595041323,0.009917355371900844,0.9
circuit,10.0,0,medical,2,204,0.9570247933884298,0.021803150344252717,0.9
circuit,10.0,0,medical,3,204,0.9586776859504132,0.030477832916670684,0.9090909090909092
circuit,10.0,0,medical,4,204,0.9024793388429752,0.0319654208360557,0.8636363636363636
circuit,10.0,0,medical,5,204,0.8760330578512396,0.05094557027247086,0.7727272727272728
circuit,25.0,0,medical,0,512,0.9867768595041323,0.011210462782025284,0.9181818181818182
circuit,25.0,0,medical,1,512,0.9867768595041323,0.009917355371900844,0.9
circuit,25.0,0,medical,2,512,0.9570247933884298,0.021803150344252717,0.9
circuit,25.0,0,medical,3,512,0.9586776859504132,0.030477832916670684,0.9090909090909092
circuit,25.0,0,medical,4,512,0.912396694214876,0.019971976815858775,0.8636363636363636
circuit,25.0,0,medical,5,512,0.912396694214876,0.026957861868264644,0.8272727272727274
circuit,50.0,0,medical,0,1024,0.9867768595041323,0.011210462782025284,0.9181818181818182
circuit,50.0,0,medical,1,1024,0.9867768595041323,0.009917355371900844,0.9
circuit,50.0,0,medical,2,1024,0.9570247933884298,0.021803150344252717,0.9
circuit,50.0,0,medical,3,1024,0.9586776859504132,0.030477832916670684,0.9090909090909092
circuit,50.0,0,medical,4,1024,0.9421487603305785,0.030026284503446153,0.8636363636363636
circuit,50.0,0,medical,5,1024,0.9223140495867769,0.031621696644147095,0.8272727272727274
circuit_pos,5.0,0,medical,0,102,0.9867768595041323,0.011210462782025284,0.9181818181818182
circuit_pos,5.0,0,medical,1,102,0.9867768595041323,0.009917355371900844,0.9
circuit_pos,5.0,0,medical,2,102,0.9570247933884298,0.021803150344252717,0.9
circuit_pos,5.0,0,medical,3,102,0.9586776859504132,0.030477832916670684,0.9090909090909092
circuit_pos,5.0,0,medical,4,102,0.8561983471074381,0.03966942148760327,0.7818181818181819
circuit_pos,5.0,0,medical,5,102,0.7801652892561983,0.07549214708541643,0.7090909090909091
circuit_pos,10.0,0,medical,0,204,0.9867768595041323,0.011210462782025284,0.9181818181818182
circuit_pos,10.0,0,medical,1,204,0.9867768595041323,0.009917355371900844,0.9
circuit_pos,10.0,0,medical,2,204,0.9570247933884298,0.021803150344252717,0.9
circuit_pos,10.0,0,medical,3,204,0.9586776859504132,0.030477832916670684,0.9090909090909092
circuit_pos,10.0,0,medical,4,204,0.8347107438016529,0.06050580237263846,0.790909090909091
circuit_pos,10.0,0,medical,5,204,0.7289256198347107,0.0510527114429107,0.6909090909090908
circuit_pos,25.0,0,medical,0,512,0.9867768595041323,0.011210462782025284,0.9181818181818182
circuit_pos,25.0,0,medical,1,512,0.9867768595041323,0.009917355371900844,0.9
circuit_pos,25.0,0,medical,2,512,0.9570247933884298,0.021803150344252717,0.9
circuit_pos,25.0,0,medical,3,512,0.9586776859504132,0.030477832916670684,0.9090909090909092
circuit_pos,25.0,0,medical,4,512,0.859504132231405,0.04675086156605274,0.8
circuit_pos,25.0,0,medical,5,512,0.7603305785123967,0.08977504538181995,0.7181818181818181
circuit_pos,50.0,0,medical,0,1024,0.9867768595041323,0.011210462782025284,0.9181818181818182
circuit_pos,50.0,0,medical,1,1024,0.9867768595041323,0.009917355371900844,0.9
circuit_pos,50.0,0,medical,2,1024,0.9570247933884298,0.021803150344252717,0.9
circuit_pos,50.0,0,medical,3,1024,0.9586776859504132,0.030477832916670684,0.9090909090909092
circuit_pos,50.0,0,medical,4,1024,0.8330578512396695,0.06059604224734993,0.8090909090909092
circuit_pos,50.0,0,medical,5,1024,0.7801652892561983,0.09300366873808395,0.7
circuit_neg,5.0,0,medical,0,102,0.9867768595041323,0.011210462782025284,0.9181818181818182
circuit_neg,5.0,0,medical,1,102,0.9867768595041323,0.009917355371900844,0.9
circuit_neg,5.0,0,medical,2,102,0.9570247933884298,0.021803150344252717,0.9
circuit_neg,5.0,0,medical,3,102,0.9586776859504132,0.030477832916670684,0.9090909090909092
circuit_neg,5.0,0,medical,4,102,0.9504132231404959,0.03179402324243194,0.8545454545454545
circuit_neg,5.0,0,medical,5,102,0.9438016528925619,0.03673737317502955,0.8727272727272727
circuit_neg,10.0,0,medical,0,204,0.9867768595041323,0.011210462782025284,0.9181818181818182
circuit_neg,10.0,0,medical,1,204,0.9867768595041323,0.009917355371900844,0.9
circuit_neg,10.0,0,medical,2,204,0.9570247933884298,0.021803150344252717,0.9
circuit_neg,10.0,0,medical,3,204,0.9586776859504132,0.030477832916670684,0.9090909090909092
circuit_neg,10.0,0,medical,4,204,0.9570247933884298,0.022420925564050467,0.8727272727272727
circuit_neg,10.0,0,medical,5,204,0.9537190082644628,0.024848423765905632,0.8818181818181816
circuit_neg,25.0,0,medical,0,512,0.9867768595041323,0.011210462782025284,0.9181818181818182
circuit_neg,25.0,0,medical,1,512,0.9867768595041323,0.009917355371900844,0.9
circuit_neg,25.0,0,medical,2,512,0.9570247933884298,0.021803150344252717,0.9
circuit_neg,25.0,0,medical,3,512,0.9586776859504132,0.030477832916670684,0.9090909090909092
circuit_neg,25.0,0,medical,4,512,0.9636363636363636,0.025924606845220053,0.9
circuit_neg,25.0,0,medical,5,512,0.9553719008264462,0.021296030953264652,0.8727272727272727
circuit_neg,50.0,0,medical,0,1024,0.9867768595041323,0.011210462782025284,0.9181818181818182
circuit_neg,50.0,0,medical,1,1024,0.9867768595041323,0.009917355371900844,0.9
circuit_neg,50.0,0,medical,2,1024,0.9570247933884298,0.021803150344252717,0.9
circuit_neg,50.0,0,medical,3,1024,0.9586776859504132,0.030477832916670684,0.9090909090909092
circuit_neg,50.0,0,medical,4,1024,0.9537190082644628,0.02843743889931448,0.9
circuit_neg,50.0,0,medical,5,1024,0.9619834710743801,0.021928097787473726,0.9090909090909092
random,5.0,0,medical,0,102,0.9867768595041323,0.011210462782025284,0.9181818181818182
random,5.0,0,medical,1,102,0.9867768595041323,0.009917355371900844,0.9
random,5.0,0,medical,2,102,0.9570247933884298,0.021803150344252717,0.9
random,5.0,0,medical,3,102,0.9586776859504132,0.030477832916670684,0.9090909090909092
random,5.0,0,medical,4,102,0.8958677685950412,0.04835946723414142,0.8454545454545455
random,5.0,0,medical,5,102,0.8727272727272728,0.03790857831794943,0.7727272727272727
random,5.0,1,medical,0,102,0.9867768595041323,0.011210462782025284,0.9181818181818182
random,5.0,1,medical,1,102,0.9867768595041323,0.009917355371900844,0.9
random,5.0,1,medical,2,102,0.9570247933884298,0.021803150344252717,0.9
random,5.0,1,medical,3,102,0.9586776859504132,0.030477832916670684,0.9090909090909092
random,5.0,1,medical,4,102,0.9024793388429753,0.038904470399801,0.8272727272727274
random,5.0,1,medical,5,102,0.8859504132231406,0.0344341597619829,0.7818181818181819
random,5.0,2,medical,0,102,0.9867768595041323,0.011210462782025284,0.9181818181818182
random,5.0,2,medical,1,102,0.9867768595041323,0.009917355371900844,0.9
random,5.0,2,medical,2,102,0.9570247933884298,0.021803150344252717,0.9
random,5.0,2,medical,3,102,0.9586776859504132,0.030477832916670684,0.9090909090909092
random,5.0,2,medical,4,102,0.9008264462809917,0.04761937286243942,0.809090909090909
random,5.0,2,medical,5,102,0.8975206611570247,0.0432919036486241,0.8181818181818181
random,10.0,0,medical,0,204,0.9867768595041323,0.011210462782025284,0.9181818181818182
random,10.0,0,medical,1,204,0.9867768595041323,0.009917355371900844,0.9
random,10.0,0,medical,2,204,0.9570247933884298,0.021803150344252717,0.9
random,10.0,0,medical,3,204,0.9586776859504132,0.030477832916670684,0.9090909090909092
random,10.0,0,medical,4,204,0.8892561983471075,0.05002560644767453,0.8363636363636363
random,10.0,0,medical,5,204,0.8710743801652893,0.046044258767550784,0.8
random,10.0,1,medical,0,204,0.9867768595041323,0.011210462782025284,0.9181818181818182
random,10.0,1,medical,1,204,0.9867768595041323,0.009917355371900844,0.9
random,10.0,1,medical,2,204,0.9570247933884298,0.021803150344252717,0.9
random,10.0,1,medical,3,204,0.9586776859504132,0.030477832916670684,0.9090909090909092
random,10.0,1,medical,4,204,0.8958677685950412,0.05763833313772791,0.8272727272727274
random,10.0,1,medical,5,204,0.8942148760330578,0.04744694246085063,0.7818181818181819
random,10.0,2,medical,0,204,0.9867768595041323,0.011210462782025284,0.9181818181818182
random,10.0,2,medical,1,204,0.9867768595041323,0.009917355371900844,0.9
random,10.0,2,medical,2,204,0.9570247933884298,0.021803150344252717,0.9
random,10.0,2,medical,3,204,0.9586776859504132,0.030477832916670684,0.9090909090909092
random,10.0,2,medical,4,204,0.909090909090909,0.03002628450344622,0.8090909090909092
random,10.0,2,medical,5,204,0.9057851239669421,0.048076163875203255,0.8363636363636363
random,25.0,0,medical,0,512,0.9867768595041323,0.011210462782025284,0.9181818181818182
random,25.0,0,medical,1,512,0.9867768595041323,0.009917355371900844,0.9
random,25.0,0,medical,2,512,0.9570247933884298,0.021803150344252717,0.9
random,25.0,0,medical,3,512,0.9586776859504132,0.030477832916670684,0.9090909090909092
random,25.0,0,medical,4,512,0.9305785123966942,0.03790857831794948,0.8636363636363636
random,25.0,0,medical,5,512,0.8545454545454545,0.05740084414606727,0.7818181818181819
random,25.0,1,medical,0,512,0.9867768595041323,0.011210462782025284,0.9181818181818182
random,25.0,1,medical,1,512,0.9867768595041323,0.009917355371900844,0.9
random,25.0,1,medical,2,512,0.9570247933884298,0.021803150344252717,0.9
random,25.0,1,medical,3,512,0.9586776859504132,0.030477832916670684,0.9090909090909092
random,25.0,1,medical,4,512,0.9140495867768594,0.04779118113983787,0.8454545454545455
random,25.0,1,medical,5,512,0.8809917355371899,0.06540945103275829,0.7272727272727273
random,25.0,2,medical,0,512,0.9867768595041323,0.011210462782025284,0.9181818181818182
random,25.0,2,medical,1,512,0.9867768595041323,0.009917355371900844,0.9
random,25.0,2,medical,2,512,0.9570247933884298,0.021803150344252717,0.9
random,25.0,2,medical,3,512,0.9586776859504132,0.030477832916670684,0.9090909090909092
random,25.0,2,medical,4,512,0.9256198347107437,0.027159796239925576,0.8454545454545455
random,25.0,2,medical,5,512,0.8975206611570249,0.03718089877422143,0.8090909090909092
random,50.0,0,medical,0,1024,0.9867768595041323,0.011210462782025284,0.9181818181818182
random,50.0,0,medical,1,1024,0.9867768595041323,0.009917355371900844,0.9
random,50.0,0,medical,2,1024,0.9570247933884298,0.021803150344252717,0.9
random,50.0,0,medical,3,1024,0.9586776859504132,0.030477832916670684,0.9090909090909092
random,50.0,0,medical,4,1024,0.9421487603305785,0.03467136688165792,0.8636363636363636
random,50.0,0,medical,5,1024,0.8561983471074381,0.0544702712505259,0.8
random,50.0,1,medical,0,1024,0.9867768595041323,0.011210462782025284,0.9181818181818182
random,50.0,1,medical,1,1024,0.9867768595041323,0.009917355371900844,0.9
random,50.0,1,medical,2,1024,0.9570247933884298,0.021803150344252717,0.9
random,50.0,1,medical,3,1024,0.9586776859504132,0.030477832916670684,0.9090909090909092
random,50.0,1,medical,4,1024,0.9239669421487603,0.04161877127938566,0.8636363636363636
random,50.0,1,medical,5,1024,0.9074380165289255,0.04773398042378064,0.8363636363636363
random,50.0,2,medical,0,1024,0.9867768595041323,0.011210462782025284,0.9181818181818182
random,50.0,2,medical,1,1024,0.9867768595041323,0.009917355371900844,0.9
random,50.0,2,medical,2,1024,0.9570247933884298,0.021803150344252717,0.9
random,50.0,2,medical,3,1024,0.9586776859504132,0.030477832916670684,0.9090909090909092
random,50.0,2,medical,4,1024,0.9090909090909092,0.02613452611709406,0.8545454545454545
random,50.0,2,medical,5,1024,0.9074380165289255,0.05211200915846096,0.7818181818181819
clean,0.0,0,legal,0,0,0.7810650887573963,0.048361696430065174,0.7461538461538461
clean,0.0,0,legal,1,0,0.821301775147929,0.01994354975899735,0.7461538461538462
clean,0.0,0,legal,2,0,0.8248520710059172,0.04041034574902689,0.8
clean,0.0,0,legal,3,0,0.8142011834319526,0.039178568892891986,0.7153846153846153
clean,0.0,0,legal,4,0,0.7810650887573963,0.03175481151478989,0.7153846153846155
clean,0.0,0,legal,5,0,0.647337278106509,0.05430908357672794,0.6153846153846154
circuit,5.0,0,legal,0,102,0.7810650887573963,0.048361696430065174,0.7461538461538461
circuit,5.0,0,legal,1,102,0.821301775147929,0.01994354975899735,0.7461538461538462
circuit,5.0,0,legal,2,102,0.8248520710059172,0.04041034574902689,0.8
circuit,5.0,0,legal,3,102,0.8142011834319526,0.039178568892891986,0.7153846153846153
circuit,5.0,0,legal,4,102,0.7810650887573964,0.027244649546086033,0.7
circuit,5.0,0,legal,5,102,0.6733727810650888,0.03417640018507372,0.6384615384615384
circuit,10.0,0,legal,0,204,0.7810650887573963,0.048361696430065174,0.7461538461538461
circuit,10.0,0,legal,1,204,0.821301775147929,0.01994354975899735,0.7461538461538462
circuit,10.0,0,legal,2,204,0.8248520710059172,0.04041034574902689,0.8
circuit,10.0,0,legal,3,204,0.8142011834319526,0.039178568892891986,0.7153846153846153
circuit,10.0,0,legal,4,204,0.8165680473372781,0.03608982409935362,0.7
circuit,10.0,0,legal,5,204,0.7124260355029586,0.04873671072656567,0.6307692307692306
circuit,25.0,0,legal,0,512,0.7810650887573963,0.048361696430065174,0.7461538461538461
circuit,25.0,0,legal,1,512,0.821301775147929,0.01994354975899735,0.7461538461538462
circuit,25.0,0,legal,2,512,0.8248520710059172,0.04041034574902689,0.8
circuit,25.0,0,legal,3,512,0.8142011834319526,0.039178568892891986,0.7153846153846153
circuit,25.0,0,legal,4,512,0.7976331360946747,0.04157199543254507,0.7076923076923076
circuit,25.0,0,legal,5,512,0.7562130177514793,0.04240585294004478,0.6538461538461537
circuit,50.0,0,legal,0,1024,0.7810650887573963,0.048361696430065174,0.7461538461538461
circuit,50.0,0,legal,1,1024,0.821301775147929,0.01994354975899735,0.7461538461538462
circuit,50.0,0,legal,2,1024,0.8248520710059172,0.04041034574902689,0.8
circuit,50.0,0,legal,3,1024,0.8142011834319526,0.039178568892891986,0.7153846153846153
circuit,50.0,0,legal,4,1024,0.7976331360946746,0.04434318105371643,0.6846153846153846
circuit,50.0,0,legal,5,1024,0.7739644970414201,0.03896349735657827,0.6615384615384615
circuit_pos,5.0,0,legal,0,102,0.7810650887573963,0.048361696430065174,0.7461538461538461
circuit_pos,5.0,0,legal,1,102,0.821301775147929,0.01994354975899735,0.7461538461538462
circuit_pos,5.0,0,legal,2,102,0.8248520710059172,0.04041034574902689,0.8
circuit_pos,5.0,0,legal,3,102,0.8142011834319526,0.039178568892891986,0.7153846153846153
circuit_pos,5.0,0,legal,4,102,0.7514792899408285,0.04150456311656847,0.676923076923077
circuit_pos,5.0,0,legal,5,102,0.5680473372781065,0.03063237658117114,0.5769230769230769
circuit_pos,10.0,0,legal,0,204,0.7810650887573963,0.048361696430065174,0.7461538461538461
circuit_pos,10.0,0,legal,1,204,0.821301775147929,0.01994354975899735,0.7461538461538462
circuit_pos,10.0,0,legal,2,204,0.8248520710059172,0.04041034574902689,0.8
circuit_pos,10.0,0,legal,3,204,0.8142011834319526,0.039178568892891986,0.7153846153846153
circuit_pos,10.0,0,legal,4,204,0.7207100591715976,0.03985197216682305,0.6846153846153846
circuit_pos,10.0,0,legal,5,204,0.5715976331360947,0.020013650325784355,0.6
circuit_pos,25.0,0,legal,0,512,0.7810650887573963,0.048361696430065174,0.7461538461538461
circuit_pos,25.0,0,legal,1,512,0.821301775147929,0.01994354975899735,0.7461538461538462
circuit_pos,25.0,0,legal,2,512,0.8248520710059172,0.04041034574902689,0.8
circuit_pos,25.0,0,legal,3,512,0.8142011834319526,0.039178568892891986,0.7153846153846153
circuit_pos,25.0,0,legal,4,512,0.7431952662721893,0.057320146926922305,0.6615384615384615
circuit_pos,25.0,0,legal,5,512,0.663905325443787,0.033556087287000734,0.5923076923076923
circuit_pos,50.0,0,legal,0,1024,0.7810650887573963,0.048361696430065174,0.7461538461538461
circuit_pos,50.0,0,legal,1,1024,0.821301775147929,0.01994354975899735,0.7461538461538462
circuit_pos,50.0,0,legal,2,1024,0.8248520710059172,0.04041034574902689,0.8
circuit_pos,50.0,0,legal,3,1024,0.8142011834319526,0.039178568892891986,0.7153846153846153
circuit_pos,50.0,0,legal,4,1024,0.7254437869822485,0.05300401343564186,0.6692307692307693
circuit_pos,50.0,0,legal,5,1024,0.7005917159763314,0.026882406370652197,0.6538461538461539
circuit_neg,5.0,0,legal,0,102,0.7810650887573963,0.048361696430065174,0.7461538461538461
circuit_neg,5.0,0,legal,1,102,0.821301775147929,0.01994354975899735,0.7461538461538462
circuit_neg,5.0,0,legal,2,102,0.8248520710059172,0.04041034574902689,0.8
circuit_neg,5.0,0,legal,3,102,0.8142011834319526,0.039178568892891986,0.7153846153846153
circuit_neg,5.0,0,legal,4,102,0.8414201183431953,0.03731096513712295,0.7384615384615385
circuit_neg,5.0,0,legal,5,102,0.8,0.04927967529859651,0.6846153846153846
circuit_neg,10.0,0,legal,0,204,0.7810650887573963,0.048361696430065174,0.7461538461538461
circuit_neg,10.0,0,legal,1,204,0.821301775147929,0.01994354975899735,0.7461538461538462
circuit_neg,10.0,0,legal,2,204,0.8248520710059172,0.04041034574902689,0.8
circuit_neg,10.0,0,legal,3,204,0.8142011834319526,0.039178568892891986,0.7153846153846153
circuit_neg,10.0,0,legal,4,204,0.855621301775148,0.03620605571781854,0.7384615384615385
circuit_neg,10.0,0,legal,5,204,0.8331360946745562,0.04497041420118347,0.7153846153846153
circuit_neg,25.0,0,legal,0,512,0.7810650887573963,0.048361696430065174,0.7461538461538461
circuit_neg,25.0,0,legal,1,512,0.821301775147929,0.01994354975899735,0.7461538461538462
circuit_neg,25.0,0,legal,2,512,0.8248520710059172,0.04041034574902689,0.8
circuit_neg,25.0,0,legal,3,512,0.8142011834319526,0.039178568892891986,0.7153846153846153
circuit_neg,25.0,0,legal,4,512,0.872189349112426,0.034825891052218116,0.7384615384615385
circuit_neg,25.0,0,legal,5,512,0.8639053254437868,0.03153352093366679,0.7692307692307693
circuit_neg,50.0,0,legal,0,1024,0.7810650887573963,0.048361696430065174,0.7461538461538461
circuit_neg,50.0,0,legal,1,1024,0.821301775147929,0.01994354975899735,0.7461538461538462
circuit_neg,50.0,0,legal,2,1024,0.8248520710059172,0.04041034574902689,0.8
circuit_neg,50.0,0,legal,3,1024,0.8142011834319526,0.039178568892891986,0.7153846153846153
circuit_neg,50.0,0,legal,4,1024,0.8781065088757398,0.03753550657314482,0.7307692307692308
circuit_neg,50.0,0,legal,5,1024,0.8911242603550296,0.03502638718804438,0.7615384615384616
random,5.0,0,legal,0,102,0.7810650887573963,0.048361696430065174,0.7461538461538461
random,5.0,0,legal,1,102,0.821301775147929,0.01994354975899735,0.7461538461538462
random,5.0,0,legal,2,102,0.8248520710059172,0.04041034574902689,0.8
random,5.0,0,legal,3,102,0.8142011834319526,0.039178568892891986,0.7153846153846153
random,5.0,0,legal,4,102,0.7857988165680474,0.036552533044924264,0.7307692307692308
random,5.0,0,legal,5,102,0.7065088757396449,0.06477601033564026,0.6538461538461539
random,5.0,1,legal,0,102,0.7810650887573963,0.048361696430065174,0.7461538461538461
random,5.0,1,legal,1,102,0.821301775147929,0.01994354975899735,0.7461538461538462
random,5.0,1,legal,2,102,0.8248520710059172,0.04041034574902689,0.8
random,5.0,1,legal,3,102,0.8142011834319526,0.039178568892891986,0.7153846153846153
random,5.0,1,legal,4,102,0.7633136094674555,0.029703906267481935,0.7076923076923077
random,5.0,1,legal,5,102,0.6414201183431952,0.041267682305710526,0.6153846153846154
random,5.0,2,legal,0,102,0.7810650887573963,0.048361696430065174,0.7461538461538461
random,5.0,2,legal,1,102,0.821301775147929,0.01994354975899735,0.7461538461538462
random,5.0,2,legal,2,102,0.8248520710059172,0.04041034574902689,0.8
random,5.0,2,legal,3,102,0.8142011834319526,0.039178568892891986,0.7153846153846153
random,5.0,2,legal,4,102,0.778698224852071,0.028647854288544897,0.7153846153846153
random,5.0,2,legal,5,102,0.6497041420118344,0.04739641276804921,0.6
random,10.0,0,legal,0,204,0.7810650887573963,0.048361696430065174,0.7461538461538461
random,10.0,0,legal,1,204,0.821301775147929,0.01994354975899735,0.7461538461538462
random,10.0,0,legal,2,204,0.8248520710059172,0.04041034574902689,0.8
random,10.0,0,legal,3,204,0.8142011834319526,0.039178568892891986,0.7153846153846153
random,10.0,0,legal,4,204,0.7928994082840237,0.043802971652832534,0.723076923076923
random,10.0,0,legal,5,204,0.6887573964497042,0.07864259278502322,0.6230769230769231
random,10.0,1,legal,0,204,0.7810650887573963,0.048361696430065174,0.7461538461538461
random,10.0,1,legal,1,204,0.821301775147929,0.01994354975899735,0.7461538461538462
random,10.0,1,legal,2,204,0.8248520710059172,0.04041034574902689,0.8
random,10.0,1,legal,3,204,0.8142011834319526,0.039178568892891986,0.7153846153846153
random,10.0,1,legal,4,204,0.7763313609467456,0.027854679990390107,0.7307692307692308
random,10.0,1,legal,5,204,0.6461538461538462,0.0537648127413044,0.6230769230769231
random,10.0,2,legal,0,204,0.7810650887573963,0.048361696430065174,0.7461538461538461
random,10.0,2,legal,1,204,0.821301775147929,0.01994354975899735,0.7461538461538462
random,10.0,2,legal,2,204,0.8248520710059172,0.04041034574902689,0.8
random,10.0,2,legal,3,204,0.8142011834319526,0.039178568892891986,0.7153846153846153
random,10.0,2,legal,4,204,0.7763313609467455,0.03049490822893523,0.7153846153846153
random,10.0,2,legal,5,204,0.6662721893491124,0.034012089617041205,0.6461538461538462
random,25.0,0,legal,0,512,0.7810650887573963,0.048361696430065174,0.7461538461538461
random,25.0,0,legal,1,512,0.821301775147929,0.01994354975899735,0.7461538461538462
random,25.0,0,legal,2,512,0.8248520710059172,0.04041034574902689,0.8
random,25.0,0,legal,3,512,0.8142011834319526,0.039178568892891986,0.7153846153846153
random,25.0,0,legal,4,512,0.7976331360946745,0.05095633169612068,0.7538461538461538
random,25.0,0,legal,5,512,0.7183431952662722,0.056706028642418624,0.6461538461538462
random,25.0,1,legal,0,512,0.7810650887573963,0.048361696430065174,0.7461538461538461
random,25.0,1,legal,1,512,0.821301775147929,0.01994354975899735,0.7461538461538462
random,25.0,1,legal,2,512,0.8248520710059172,0.04041034574902689,0.8
random,25.0,1,legal,3,512,0.8142011834319526,0.039178568892891986,0.7153846153846153
random,25.0,1,legal,4,512,0.7775147928994083,0.02960945799573211,0.7153846153846153
random,25.0,1,legal,5,512,0.7171597633136095,0.02162800814496695,0.6076923076923078
random,25.0,2,legal,0,512,0.7810650887573963,0.048361696430065174,0.7461538461538461
random,25.0,2,legal,1,512,0.821301775147929,0.01994354975899735,0.7461538461538462
random,25.0,2,legal,2,512,0.8248520710059172,0.04041034574902689,0.8
random,25.0,2,legal,3,512,0.8142011834319526,0.039178568892891986,0.7153846153846153
random,25.0,2,legal,4,512,0.7538461538461537,0.03502638718804435,0.7
random,25.0,2,legal,5,512,0.7337278106508875,0.031310666403131224,0.6923076923076923
random,50.0,0,legal,0,1024,0.7810650887573963,0.048361696430065174,0.7461538461538461
random,50.0,0,legal,1,1024,0.821301775147929,0.01994354975899735,0.7461538461538462
random,50.0,0,legal,2,1024,0.8248520710059172,0.04041034574902689,0.8
random,50.0,0,legal,3,1024,0.8142011834319526,0.039178568892891986,0.7153846153846153
random,50.0,0,legal,4,1024,0.8260355029585797,0.04830374350759419,0.7307692307692307
random,50.0,0,legal,5,1024,0.7538461538461538,0.03542397525939828,0.6615384615384615
random,50.0,1,legal,0,1024,0.7810650887573963,0.048361696430065174,0.7461538461538461
random,50.0,1,legal,1,1024,0.821301775147929,0.01994354975899735,0.7461538461538462
random,50.0,1,legal,2,1024,0.8248520710059172,0.04041034574902689,0.8
random,50.0,1,legal,3,1024,0.8142011834319526,0.039178568892891986,0.7153846153846153
random,50.0,1,legal,4,1024,0.8272189349112427,0.03597321693152818,0.7153846153846155
random,50.0,1,legal,5,1024,0.8,0.05150308910529929,0.6923076923076923
random,50.0,2,legal,0,1024,0.7810650887573963,0.048361696430065174,0.7461538461538461
random,50.0,2,legal,1,1024,0.821301775147929,0.01994354975899735,0.7461538461538462
random,50.0,2,legal,2,1024,0.8248520710059172,0.04041034574902689,0.8
random,50.0,2,legal,3,1024,0.8142011834319526,0.039178568892891986,0.7153846153846153
random,50.0,2,legal,4,1024,0.7479289940828402,0.026620643501069786,0.6692307692307692
random,50.0,2,legal,5,1024,0.744378698224852,0.025215710949896497,0.6846153846153846
clean,0.0,0,scientific,0,0,0.9066115702479338,0.010567530456648324,0.7818181818181817
clean,0.0,0,scientific,1,0,0.9157024793388431,0.012216318594292975,0.85
clean,0.0,0,scientific,2,0,0.8983471074380166,0.016184426469062946,0.8272727272727274
clean,0.0,0,scientific,3,0,0.9396694214876034,0.009726117599950266,0.8772727272727273
clean,0.0,0,scientific,4,0,0.9301652892561982,0.0158647552235144,0.8363636363636363
clean,0.0,0,scientific,5,0,0.8619834710743802,0.04594773759972771,0.7863636363636364
circuit,5.0,0,scientific,0,102,0.9066115702479338,0.010567530456648324,0.7818181818181817
circuit,5.0,0,scientific,1,102,0.9157024793388431,0.012216318594292975,0.85
circuit,5.0,0,scientific,2,102,0.8983471074380166,0.016184426469062946,0.8272727272727274
circuit,5.0,0,scientific,3,102,0.9396694214876034,0.009726117599950266,0.8772727272727273
circuit,5.0,0,scientific,4,102,0.9268595041322314,0.011731462451717668,0.840909090909091
circuit,5.0,0,scientific,5,102,0.9053719008264463,0.03278294788479126,0.809090909090909
circuit,10.0,0,scientific,0,204,0.9066115702479338,0.010567530456648324,0.7818181818181817
circuit,10.0,0,scientific,1,204,0.9157024793388431,0.012216318594292975,0.85
circuit,10.0,0,scientific,2,204,0.8983471074380166,0.016184426469062946,0.8272727272727274
circuit,10.0,0,scientific,3,204,0.9396694214876034,0.009726117599950266,0.8772727272727273
circuit,10.0,0,scientific,4,204,0.9293388429752065,0.014691230441843972,0.85
circuit,10.0,0,scientific,5,204,0.9223140495867768,0.024985481748480927,0.8181818181818181
circuit,25.0,0,scientific,0,512,0.9066115702479338,0.010567530456648324,0.7818181818181817
circuit,25.0,0,scientific,1,512,0.9157024793388431,0.012216318594292975,0.85
circuit,25.0,0,scientific,2,512,0.8983471074380166,0.016184426469062946,0.8272727272727274
circuit,25.0,0,scientific,3,512,0.9396694214876034,0.009726117599950266,0.8772727272727273
circuit,25.0,0,scientific,4,512,0.9198347107438017,0.01341544056260162,0.8454545454545455
circuit,25.0,0,scientific,5,512,0.9066115702479338,0.0184983713104127,0.7818181818181819
circuit,50.0,0,scientific,0,1024,0.9066115702479338,0.010567530456648324,0.7818181818181817
circuit,50.0,0,scientific,1,1024,0.9157024793388431,0.012216318594292975,0.85
circuit,50.0,0,scientific,2,1024,0.8983471074380166,0.016184426469062946,0.8272727272727274
circuit,50.0,0,scientific,3,1024,0.9396694214876034,0.009726117599950266,0.8772727272727273
circuit,50.0,0,scientific,4,1024,0.9318181818181817,0.014013078477531554,0.8772727272727273
circuit,50.0,0,scientific,5,1024,0.9392561983471074,0.019142536895703197,0.8545454545454545
circuit_pos,5.0,0,scientific,0,102,0.9066115702479338,0.010567530456648324,0.7818181818181817
circuit_pos,5.0,0,scientific,1,102,0.9157024793388431,0.012216318594292975,0.85
circuit_pos,5.0,0,scientific,2,102,0.8983471074380166,0.016184426469062946,0.8272727272727274
circuit_pos,5.0,0,scientific,3,102,0.9396694214876034,0.009726117599950266,0.8772727272727273
circuit_pos,5.0,0,scientific,4,102,0.9061983471074381,0.0298723463998807,0.8045454545454545
circuit_pos,5.0,0,scientific,5,102,0.8495867768595042,0.0399653220351246,0.7636363636363637
circuit_pos,10.0,0,scientific,0,204,0.9066115702479338,0.010567530456648324,0.7818181818181817
circuit_pos,10.0,0,scientific,1,204,0.9157024793388431,0.012216318594292975,0.85
circuit_pos,10.0,0,scientific,2,204,0.8983471074380166,0.016184426469062946,0.8272727272727274
circuit_pos,10.0,0,scientific,3,204,0.9396694214876034,0.009726117599950266,0.8772727272727273
circuit_pos,10.0,0,scientific,4,204,0.903305785123967,0.03085091976021501,0.8045454545454545
circuit_pos,10.0,0,scientific,5,204,0.8541322314049588,0.04058431898668335,0.7636363636363637
circuit_pos,25.0,0,scientific,0,512,0.9066115702479338,0.010567530456648324,0.7818181818181817
circuit_pos,25.0,0,scientific,1,512,0.9157024793388431,0.012216318594292975,0.85
circuit_pos,25.0,0,scientific,2,512,0.8983471074380166,0.016184426469062946,0.8272727272727274
circuit_pos,25.0,0,scientific,3,512,0.9396694214876034,0.009726117599950266,0.8772727272727273
circuit_pos,25.0,0,scientific,4,512,0.9103305785123966,0.038666735753023415,0.8227272727272726
circuit_pos,25.0,0,scientific,5,512,0.8553719008264462,0.03585767462796136,0.7681818181818182
circuit_pos,50.0,0,scientific,0,1024,0.9066115702479338,0.010567530456648324,0.7818181818181817
circuit_pos,50.0,0,scientific,1,1024,0.9157024793388431,0.012216318594292975,0.85
circuit_pos,50.0,0,scientific,2,1024,0.8983471074380166,0.016184426469062946,0.8272727272727274
circuit_pos,50.0,0,scientific,3,1024,0.9396694214876034,0.009726117599950266,0.8772727272727273
circuit_pos,50.0,0,scientific,4,1024,0.9016528925619834,0.024327580214107466,0.8227272727272726
circuit_pos,50.0,0,scientific,5,1024,0.8714876033057852,0.020511857266100587,0.7863636363636364
circuit_neg,5.0,0,scientific,0,102,0.9066115702479338,0.010567530456648324,0.7818181818181817
circuit_neg,5.0,0,scientific,1,102,0.9157024793388431,0.012216318594292975,0.85
circuit_neg,5.0,0,scientific,2,102,0.8983471074380166,0.016184426469062946,0.8272727272727274
circuit_neg,5.0,0,scientific,3,102,0.9396694214876034,0.009726117599950266,0.8772727272727273
circuit_neg,5.0,0,scientific,4,102,0.95,0.011933495105945135,0.8545454545454545
circuit_neg,5.0,0,scientific,5,102,0.9223140495867768,0.027922389928142395,0.809090909090909
circuit_neg,10.0,0,scientific,0,204,0.9066115702479338,0.010567530456648324,0.7818181818181817
circuit_neg,10.0,0,scientific,1,204,0.9157024793388431,0.012216318594292975,0.85
circuit_neg,10.0,0,scientific,2,204,0.8983471074380166,0.016184426469062946,0.8272727272727274
circuit_neg,10.0,0,scientific,3,204,0.9396694214876034,0.009726117599950266,0.8772727272727273
circuit_neg,10.0,0,scientific,4,204,0.9508264462809919,0.013542123643119013,0.8727272727272727
circuit_neg,10.0,0,scientific,5,204,0.934297520661157,0.025318138317422124,0.8227272727272726
circuit_neg,25.0,0,scientific,0,512,0.9066115702479338,0.010567530456648324,0.7818181818181817
circuit_neg,25.0,0,scientific,1,512,0.9157024793388431,0.012216318594292975,0.85
circuit_neg,25.0,0,scientific,2,512,0.8983471074380166,0.016184426469062946,0.8272727272727274
circuit_neg,25.0,0,scientific,3,512,0.9396694214876034,0.009726117599950266,0.8772727272727273
circuit_neg,25.0,0,scientific,4,512,0.9603305785123967,0.010567530456648296,0.8863636363636364
circuit_neg,25.0,0,scientific,5,512,0.9524793388429753,0.01460964423939149,0.85
circuit_neg,50.0,0,scientific,0,1024,0.9066115702479338,0.010567530456648324,0.7818181818181817
circuit_neg,50.0,0,scientific,1,1024,0.9157024793388431,0.012216318594292975,0.85
circuit_neg,50.0,0,scientific,2,1024,0.8983471074380166,0.016184426469062946,0.8272727272727274
circuit_neg,50.0,0,scientific,3,1024,0.9396694214876034,0.009726117599950266,0.8772727272727273
circuit_neg,50.0,0,scientific,4,1024,0.9628099173553718,0.010453810446837573,0.8772727272727272
circuit_neg,50.0,0,scientific,5,1024,0.9528925619834713,0.01730610875319992,0.8636363636363636
random,5.0,0,scientific,0,102,0.9066115702479338,0.010567530456648324,0.7818181818181817
random,5.0,0,scientific,1,102,0.9157024793388431,0.012216318594292975,0.85
random,5.0,0,scientific,2,102,0.8983471074380166,0.016184426469062946,0.8272727272727274
random,5.0,0,scientific,3,102,0.9396694214876034,0.009726117599950266,0.8772727272727273
random,5.0,0,scientific,4,102,0.9272727272727274,0.017983516650404097,0.8318181818181818
random,5.0,0,scientific,5,102,0.8743801652892561,0.047284717892121964,0.7909090909090909
random,5.0,1,scientific,0,102,0.9066115702479338,0.010567530456648324,0.7818181818181817
random,5.0,1,scientific,1,102,0.9157024793388431,0.012216318594292975,0.85
random,5.0,1,scientific,2,102,0.8983471074380166,0.016184426469062946,0.8272727272727274
random,5.0,1,scientific,3,102,0.9396694214876034,0.009726117599950266,0.8772727272727273
random,5.0,1,scientific,4,102,0.9347107438016529,0.010822975912156054,0.8409090909090908
random,5.0,1,scientific,5,102,0.8793388429752065,0.03429005195987559,0.8090909090909092
random,5.0,2,scientific,0,102,0.9066115702479338,0.010567530456648324,0.7818181818181817
random,5.0,2,scientific,1,102,0.9157024793388431,0.012216318594292975,0.85
random,5.0,2,scientific,2,102,0.8983471074380166,0.016184426469062946,0.8272727272727274
random,5.0,2,scientific,3,102,0.9396694214876034,0.009726117599950266,0.8772727272727273
random,5.0,2,scientific,4,102,0.9280991735537191,0.0149218761035271,0.8181818181818181
random,5.0,2,scientific,5,102,0.884297520661157,0.0398712153986081,0.8227272727272726
random,10.0,0,scientific,0,204,0.9066115702479338,0.010567530456648324,0.7818181818181817
random,10.0,0,scientific,1,204,0.9157024793388431,0.012216318594292975,0.85
random,10.0,0,scientific,2,204,0.8983471074380166,0.016184426469062946,0.8272727272727274
random,10.0,0,scientific,3,204,0.9396694214876034,0.009726117599950266,0.8772727272727273
random,10.0,0,scientific,4,204,0.9289256198347108,0.017657736048943398,0.8636363636363636
random,10.0,0,scientific,5,204,0.8942148760330578,0.0453868767528793,0.8363636363636363
random,10.0,1,scientific,0,204,0.9066115702479338,0.010567530456648324,0.7818181818181817
random,10.0,1,scientific,1,204,0.9157024793388431,0.012216318594292975,0.85
random,10.0,1,scientific,2,204,0.8983471074380166,0.016184426469062946,0.8272727272727274
random,10.0,1,scientific,3,204,0.9396694214876034,0.009726117599950266,0.8772727272727273
random,10.0,1,scientific,4,204,0.9388429752066116,0.009566807357677868,0.859090909090909
random,10.0,1,scientific,5,204,0.887603305785124,0.027397660254960005,0.8363636363636363
random,10.0,2,scientific,0,204,0.9066115702479338,0.010567530456648324,0.7818181818181817
random,10.0,2,scientific,1,204,0.9157024793388431,0.012216318594292975,0.85
random,10.0,2,scientific,2,204,0.8983471074380166,0.016184426469062946,0.8272727272727274
random,10.0,2,scientific,3,204,0.9396694214876034,0.009726117599950266,0.8772727272727273
random,10.0,2,scientific,4,204,0.9347107438016529,0.013617567812631516,0.8318181818181818
random,10.0,2,scientific,5,204,0.8896694214876032,0.036672244185675655,0.8227272727272726
random,25.0,0,scientific,0,512,0.9066115702479338,0.010567530456648324,0.7818181818181817
random,25.0,0,scientific,1,512,0.9157024793388431,0.012216318594292975,0.85
random,25.0,0,scientific,2,512,0.8983471074380166,0.016184426469062946,0.8272727272727274
random,25.0,0,scientific,3,512,0.9396694214876034,0.009726117599950266,0.8772727272727273
random,25.0,0,scientific,4,512,0.9409090909090908,0.017414303723723514,0.8818181818181818
random,25.0,0,scientific,5,512,0.909090909090909,0.015069902916372292,0.8318181818181818
random,25.0,1,scientific,0,512,0.9066115702479338,0.010567530456648324,0.7818181818181817
random,25.0,1,scientific,1,512,0.9157024793388431,0.012216318594292975,0.85
random,25.0,1,scientific,2,512,0.8983471074380166,0.016184426469062946,0.8272727272727274
random,25.0,1,scientific,3,512,0.9396694214876034,0.009726117599950266,0.8772727272727273
random,25.0,1,scientific,4,512,0.9446280991735538,0.007551928463841791,0.8772727272727273
random,25.0,1,scientific,5,512,0.8950413223140498,0.01421871944965722,0.8545454545454545
random,25.0,2,scientific,0,512,0.9066115702479338,0.010567530456648324,0.7818181818181817
random,25.0,2,scientific,1,512,0.9157024793388431,0.012216318594292975,0.85
random,25.0,2,scientific,2,512,0.8983471074380166,0.016184426469062946,0.8272727272727274
random,25.0,2,scientific,3,512,0.9396694214876034,0.009726117599950266,0.8772727272727273
random,25.0,2,scientific,4,512,0.9417355371900827,0.010404692819846422,0.8363636363636363
random,25.0,2,scientific,5,512,0.8971074380165289,0.04521726195420663,0.8090909090909092
random,50.0,0,scientific,0,1024,0.9066115702479338,0.010567530456648324,0.7818181818181817
random,50.0,0,scientific,1,1024,0.9157024793388431,0.012216318594292975,0.85
random,50.0,0,scientific,2,1024,0.8983471074380166,0.016184426469062946,0.8272727272727274
random,50.0,0,scientific,3,1024,0.9396694214876034,0.009726117599950266,0.8772727272727273
random,50.0,0,scientific,4,1024,0.9421487603305785,0.01218833157334926,0.8818181818181818
random,50.0,0,scientific,5,1024,0.9355371900826446,0.006840060064978041,0.85
random,50.0,1,scientific,0,1024,0.9066115702479338,0.010567530456648324,0.7818181818181817
random,50.0,1,scientific,1,1024,0.9157024793388431,0.012216318594292975,0.85
random,50.0,1,scientific,2,1024,0.8983471074380166,0.016184426469062946,0.8272727272727274
random,50.0,1,scientific,3,1024,0.9396694214876034,0.009726117599950266,0.8772727272727273
random,50.0,1,scientific,4,1024,0.9495867768595041,0.010088062492341931,0.8772727272727273
random,50.0,1,scientific,5,1024,0.9462809917355373,0.0161104038757173,0.8681818181818182
random,50.0,2,scientific,0,1024,0.9066115702479338,0.010567530456648324,0.7818181818181817
random,50.0,2,scientific,1,1024,0.9157024793388431,0.012216318594292975,0.85
random,50.0,2,scientific,2,1024,0.8983471074380166,0.016184426469062946,0.8272727272727274
random,50.0,2,scientific,3,1024,0.9396694214876034,0.009726117599950266,0.8772727272727273
random,50.0,2,scientific,4,1024,0.9421487603305785,0.011466476797943432,0.8318181818181818
random,50.0,2,scientific,5,1024,0.9210743801652892,0.014456905524409803,0.8318181818181818
clean,0.0,0,verb,0,0,0.9573696145124716,0.022282301127507002,0.8666666666666666
clean,0.0,0,verb,1,0,0.946031746031746,0.01936884943679145,0.8571428571428571
clean,0.0,0,verb,2,0,0.9591836734693878,0.017623001567097906,0.8666666666666666
clean,0.0,0,verb,3,0,0.9401360544217686,0.021492962559769246,0.8619047619047618
clean,0.0,0,verb,4,0,0.8834467120181406,0.03134177332094514,0.7761904761904762
clean,0.0,0,verb,5,0,0.8702947845804989,0.03803580289571293,0.7904761904761906
circuit,5.0,0,verb,0,102,0.9573696145124716,0.022282301127507002,0.8666666666666666
circuit,5.0,0,verb,1,102,0.946031746031746,0.01936884943679145,0.8571428571428571
circuit,5.0,0,verb,2,102,0.9591836734693878,0.017623001567097906,0.8666666666666666
circuit,5.0,0,verb,3,102,0.9401360544217686,0.021492962559769246,0.8619047619047618
circuit,5.0,0,verb,4,102,0.8920634920634921,0.034704991328270235,0.8
circuit,5.0,0,verb,5,102,0.8816326530612244,0.048958591281879724,0.7904761904761906
circuit,10.0,0,verb,0,204,0.9573696145124716,0.022282301127507002,0.8666666666666666
circuit,10.0,0,verb,1,204,0.946031746031746,0.01936884943679145,0.8571428571428571
circuit,10.0,0,verb,2,204,0.9591836734693878,0.017623001567097906,0.8666666666666666
circuit,10.0,0,verb,3,204,0.9401360544217686,0.021492962559769246,0.8619047619047618
circuit,10.0,0,verb,4,204,0.9079365079365079,0.037905802619441036,0.8095238095238095
circuit,10.0,0,verb,5,204,0.8861678004535147,0.05283787323697135,0.8
circuit,25.0,0,verb,0,512,0.9573696145124716,0.022282301127507002,0.8666666666666666
circuit,25.0,0,verb,1,512,0.946031746031746,0.01936884943679145,0.8571428571428571
circuit,25.0,0,verb,2,512,0.9591836734693878,0.017623001567097906,0.8666666666666666
circuit,25.0,0,verb,3,512,0.9401360544217686,0.021492962559769246,0.8619047619047618
circuit,25.0,0,verb,4,512,0.9160997732426305,0.03780800907150354,0.819047619047619
circuit,25.0,0,verb,5,512,0.8947845804988663,0.04231562284056009,0.8238095238095239
circuit,50.0,0,verb,0,1024,0.9573696145124716,0.022282301127507002,0.8666666666666666
circuit,50.0,0,verb,1,1024,0.946031746031746,0.01936884943679145,0.8571428571428571
circuit,50.0,0,verb,2,1024,0.9591836734693878,0.017623001567097906,0.8666666666666666
circuit,50.0,0,verb,3,1024,0.9401360544217686,0.021492962559769246,0.8619047619047618
circuit,50.0,0,verb,4,1024,0.9165532879818594,0.02737666806854705,0.8285714285714286
circuit,50.0,0,verb,5,1024,0.9219954648526076,0.02768297952296029,0.8380952380952381
circuit_pos,5.0,0,verb,0,102,0.9573696145124716,0.022282301127507002,0.8666666666666666
circuit_pos,5.0,0,verb,1,102,0.946031746031746,0.01936884943679145,0.8571428571428571
circuit_pos,5.0,0,verb,2,102,0.9591836734693878,0.017623001567097906,0.8666666666666666
circuit_pos,5.0,0,verb,3,102,0.9401360544217686,0.021492962559769246,0.8619047619047618
circuit_pos,5.0,0,verb,4,102,0.8761904761904761,0.04095717697914062,0.7761904761904763
circuit_pos,5.0,0,verb,5,102,0.8362811791383219,0.04162464909055337,0.761904761904762
circuit_pos,10.0,0,verb,0,204,0.9573696145124716,0.022282301127507002,0.8666666666666666
circuit_pos,10.0,0,verb,1,204,0.946031746031746,0.01936884943679145,0.8571428571428571
circuit_pos,10.0,0,verb,2,204,0.9591836734693878,0.017623001567097906,0.8666666666666666
circuit_pos,10.0,0,verb,3,204,0.9401360544217686,0.021492962559769246,0.8619047619047618
circuit_pos,10.0,0,verb,4,204,0.8643990929705214,0.04331956076647456,0.7761904761904762
circuit_pos,10.0,0,verb,5,204,0.8240362811791382,0.05008412768173618,0.7761904761904761
circuit_pos,25.0,0,verb,0,512,0.9573696145124716,0.022282301127507002,0.8666666666666666
circuit_pos,25.0,0,verb,1,512,0.946031746031746,0.01936884943679145,0.8571428571428571
circuit_pos,25.0,0,verb,2,512,0.9591836734693878,0.017623001567097906,0.8666666666666666
circuit_pos,25.0,0,verb,3,512,0.9401360544217686,0.021492962559769246,0.8619047619047618
circuit_pos,25.0,0,verb,4,512,0.8698412698412697,0.05826561389214652,0.7904761904761906
circuit_pos,25.0,0,verb,5,512,0.8258503401360544,0.05057045227097107,0.7666666666666666
circuit_pos,50.0,0,verb,0,1024,0.9573696145124716,0.022282301127507002,0.8666666666666666
circuit_pos,50.0,0,verb,1,1024,0.946031746031746,0.01936884943679145,0.8571428571428571
circuit_pos,50.0,0,verb,2,1024,0.9591836734693878,0.017623001567097906,0.8666666666666666
circuit_pos,50.0,0,verb,3,1024,0.9401360544217686,0.021492962559769246,0.8619047619047618
circuit_pos,50.0,0,verb,4,1024,0.8725623582766439,0.057211203412963645,0.7714285714285714
circuit_pos,50.0,0,verb,5,1024,0.835827664399093,0.0523529683472595,0.7380952380952381
circuit_neg,5.0,0,verb,0,102,0.9573696145124716,0.022282301127507002,0.8666666666666666
circuit_neg,5.0,0,verb,1,102,0.946031746031746,0.01936884943679145,0.8571428571428571
circuit_neg,5.0,0,verb,2,102,0.9591836734693878,0.017623001567097906,0.8666666666666666
circuit_neg,5.0,0,verb,3,102,0.9401360544217686,0.021492962559769246,0.8619047619047618
circuit_neg,5.0,0,verb,4,102,0.909297052154195,0.027059290503721193,0.8238095238095238
circuit_neg,5.0,0,verb,5,102,0.9024943310657596,0.038801359884276555,0.8238095238095238
circuit_neg,10.0,0,verb,0,204,0.9573696145124716,0.022282301127507002,0.8666666666666666
circuit_neg,10.0,0,verb,1,204,0.946031746031746,0.01936884943679145,0.8571428571428571
circuit_neg,10.0,0,verb,2,204,0.9591836734693878,0.017623001567097906,0.8666666666666666
circuit_neg,10.0,0,verb,3,204,0.9401360544217686,0.021492962559769246,0.8619047619047618
circuit_neg,10.0,0,verb,4,204,0.9142857142857143,0.03162919868328834,0.8380952380952381
circuit_neg,10.0,0,verb,5,204,0.9129251700680271,0.038283736218422244,0.8238095238095238
circuit_neg,25.0,0,verb,0,512,0.9573696145124716,0.022282301127507002,0.8666666666666666
circuit_neg,25.0,0,verb,1,512,0.946031746031746,0.01936884943679145,0.8571428571428571
circuit_neg,25.0,0,verb,2,512,0.9591836734693878,0.017623001567097906,0.8666666666666666
circuit_neg,25.0,0,verb,3,512,0.9401360544217686,0.021492962559769246,0.8619047619047618
circuit_neg,25.0,0,verb,4,512,0.9256235827664397,0.031531507112505575,0.8476190476190476
circuit_neg,25.0,0,verb,5,512,0.926530612244898,0.03629818195694102,0.8476190476190476
circuit_neg,50.0,0,verb,0,1024,0.9573696145124716,0.022282301127507002,0.8666666666666666
circuit_neg,50.0,0,verb,1,1024,0.946031746031746,0.01936884943679145,0.8571428571428571
circuit_neg,50.0,0,verb,2,1024,0.9591836734693878,0.017623001567097906,0.8666666666666666
circuit_neg,50.0,0,verb,3,1024,0.9401360544217686,0.021492962559769246,0.8619047619047618
circuit_neg,50.0,0,verb,4,1024,0.9342403628117915,0.029145159207364435,0.8523809523809524
circuit_neg,50.0,0,verb,5,1024,0.928344671201814,0.03892308578888948,0.8380952380952381
random,5.0,0,verb,0,102,0.9573696145124716,0.022282301127507002,0.8666666666666666
random,5.0,0,verb,1,102,0.946031746031746,0.01936884943679145,0.8571428571428571
random,5.0,0,verb,2,102,0.9591836734693878,0.017623001567097906,0.8666666666666666
random,5.0,0,verb,3,102,0.9401360544217686,0.021492962559769246,0.8619047619047618
random,5.0,0,verb,4,102,0.8875283446712018,0.03097874169240464,0.8
random,5.0,0,verb,5,102,0.872562358276644,0.04248055882937504,0.7761904761904762
random,5.0,1,verb,0,102,0.9573696145124716,0.022282301127507002,0.8666666666666666
random,5.0,1,verb,1,102,0.946031746031746,0.01936884943679145,0.8571428571428571
random,5.0,1,verb,2,102,0.9591836734693878,0.017623001567097906,0.8666666666666666
random,5.0,1,verb,3,102,0.9401360544217686,0.021492962559769246,0.8619047619047618
random,5.0,1,verb,4,102,0.8820861678004535,0.03238743051493356,0.7857142857142858
random,5.0,1,verb,5,102,0.8621315192743765,0.04075076619362408,0.7857142857142857
random,5.0,2,verb,0,102,0.9573696145124716,0.022282301127507002,0.8666666666666666
random,5.0,2,verb,1,102,0.946031746031746,0.01936884943679145,0.8571428571428571
random,5.0,2,verb,2,102,0.9591836734693878,0.017623001567097906,0.8666666666666666
random,5.0,2,verb,3,102,0.9401360544217686,0.021492962559769246,0.8619047619047618
random,5.0,2,verb,4,102,0.8956916099773242,0.03799793209188825,0.8142857142857144
random,5.0,2,verb,5,102,0.8879818594104307,0.039759562438646125,0.8142857142857143
random,10.0,0,verb,0,204,0.9573696145124716,0.022282301127507002,0.8666666666666666
random,10.0,0,verb,1,204,0.946031746031746,0.01936884943679145,0.8571428571428571
random,10.0,0,verb,2,204,0.9591836734693878,0.017623001567097906,0.8666666666666666
random,10.0,0,verb,3,204,0.9401360544217686,0.021492962559769246,0.8619047619047618
random,10.0,0,verb,4,204,0.8934240362811792,0.037149473771015726,0.8
random,10.0,0,verb,5,204,0.8721088435374149,0.04299070957334811,0.7809523809523811
random,10.0,1,verb,0,204,0.9573696145124716,0.022282301127507002,0.8666666666666666
random,10.0,1,verb,1,204,0.946031746031746,0.01936884943679145,0.8571428571428571
random,10.0,1,verb,2,204,0.9591836734693878,0.017623001567097906,0.8666666666666666
random,10.0,1,verb,3,204,0.9401360544217686,0.021492962559769246,0.8619047619047618
random,10.0,1,verb,4,204,0.8920634920634921,0.039028625803084235,0.7952380952380953
random,10.0,1,verb,5,204,0.8712018140589569,0.03897061416587908,0.7952380952380953
random,10.0,2,verb,0,204,0.9573696145124716,0.022282301127507002,0.8666666666666666
random,10.0,2,verb,1,204,0.946031746031746,0.01936884943679145,0.8571428571428571
random,10.0,2,verb,2,204,0.9591836734693878,0.017623001567097906,0.8666666666666666
random,10.0,2,verb,3,204,0.9401360544217686,0.021492962559769246,0.8619047619047618
random,10.0,2,verb,4,204,0.9006802721088436,0.037160544989789546,0.8238095238095239
random,10.0,2,verb,5,204,0.8952380952380953,0.03586495949164179,0.8238095238095238
random,25.0,0,verb,0,512,0.9573696145124716,0.022282301127507002,0.8666666666666666
random,25.0,0,verb,1,512,0.946031746031746,0.01936884943679145,0.8571428571428571
random,25.0,0,verb,2,512,0.9591836734693878,0.017623001567097906,0.8666666666666666
random,25.0,0,verb,3,512,0.9401360544217686,0.021492962559769246,0.8619047619047618
random,25.0,0,verb,4,512,0.9011337868480727,0.03558284851869935,0.8095238095238095
random,25.0,0,verb,5,512,0.8934240362811791,0.03829447951489256,0.8238095238095239
random,25.0,1,verb,0,512,0.9573696145124716,0.022282301127507002,0.8666666666666666
random,25.0,1,verb,1,512,0.946031746031746,0.01936884943679145,0.8571428571428571
random,25.0,1,verb,2,512,0.9591836734693878,0.017623001567097906,0.8666666666666666
random,25.0,1,verb,3,512,0.9401360544217686,0.021492962559769246,0.8619047619047618
random,25.0,1,verb,4,512,0.8911564625850341,0.04099231397179744,0.8047619047619048
random,25.0,1,verb,5,512,0.8571428571428571,0.03585348821052584,0.7904761904761904
random,25.0,2,verb,0,512,0.9573696145124716,0.022282301127507002,0.8666666666666666
random,25.0,2,verb,1,512,0.946031746031746,0.01936884943679145,0.8571428571428571
random,25.0,2,verb,2,512,0.9591836734693878,0.017623001567097906,0.8666666666666666
random,25.0,2,verb,3,512,0.9401360544217686,0.021492962559769246,0.8619047619047618
random,25.0,2,verb,4,512,0.9074829931972788,0.03770996191562342,0.8095238095238095
random,25.0,2,verb,5,512,0.8965986394557823,0.03785150406324777,0.819047619047619
random,50.0,0,verb,0,1024,0.9573696145124716,0.022282301127507002,0.8666666666666666
random,50.0,0,verb,1,1024,0.946031746031746,0.01936884943679145,0.8571428571428571
random,50.0,0,verb,2,1024,0.9591836734693878,0.017623001567097906,0.8666666666666666
random,50.0,0,verb,3,1024,0.9401360544217686,0.021492962559769246,0.8619047619047618
random,50.0,0,verb,4,1024,0.9129251700680271,0.03526350508171205,0.8285714285714285
random,50.0,0,verb,5,1024,0.909297052154195,0.035507626541611555,0.8428571428571427
random,50.0,1,verb,0,1024,0.9573696145124716,0.022282301127507002,0.8666666666666666
random,50.0,1,verb,1,1024,0.946031746031746,0.01936884943679145,0.8571428571428571
random,50.0,1,verb,2,1024,0.9591836734693878,0.017623001567097906,0.8666666666666666
random,50.0,1,verb,3,1024,0.9401360544217686,0.021492962559769246,0.8619047619047618
random,50.0,1,verb,4,1024,0.9011337868480727,0.02881157401227861,0.8047619047619048
random,50.0,1,verb,5,1024,0.8861678004535147,0.036462133772774206,0.780952380952381
random,50.0,2,verb,0,1024,0.9573696145124716,0.022282301127507002,0.8666666666666666
random,50.0,2,verb,1,1024,0.946031746031746,0.01936884943679145,0.8571428571428571
random,50.0,2,verb,2,1024,0.9591836734693878,0.017623001567097906,0.8666666666666666
random,50.0,2,verb,3,1024,0.9401360544217686,0.021492962559769246,0.8619047619047618
random,50.0,2,verb,4,1024,0.9201814058956914,0.037600720776733106,0.8238095238095239
random,50.0,2,verb,5,1024,0.9142857142857143,0.046678983541699984,0.8380952380952381
