phrase,count_cum,per_million_cum,frequency,category,bin_edges
 Abuja,80019,0.26682540253325776,80019,medium,"[55.0, 1790.6000000000006, 17986.600000000002, 64048.19999999999, 215652.4000000001, 14378014.0]"
" Abuja,",22762,0.07590047129384288,22762,high,"[55.0, 1790.6000000000006, 17986.600000000002, 64048.19999999999, 215652.4000000001, 14378014.0]"
 Accra,77597,0.25874918157404114,77597,medium,"[55.0, 1790.6000000000006, 17986.600000000002, 64048.19999999999, 215652.4000000001, 14378014.0]"
" Accra,",23325,0.07777780919641882,23325,high,"[55.0, 1790.6000000000006, 17986.600000000002, 64048.19999999999, 215652.4000000001, 14378014.0]"
 Algiers,119633,0.3989192989322689,119633,medium,"[55.0, 1790.6000000000006, 17986.600000000002, 64048.19999999999, 215652.4000000001, 14378014.0]"
 Amman,111819,0.3728633160357709,111819,medium,"[55.0, 1790.6000000000006, 17986.600000000002, 64048.19999999999, 215652.4000000001, 14378014.0]"
" Amman,",33468,0.11159990217302229,33468,high,"[55.0, 1790.6000000000006, 17986.600000000002, 64048.19999999999, 215652.4000000001, 14378014.0]"
 Amsterdam,1116669,3.7235613469477298,1116669,low,"[55.0, 1790.6000000000006, 17986.600000000002, 64048.19999999999, 215652.4000000001, 14378014.0]"
" Amsterdam,",312273,1.0412823070179331,312273,low,"[55.0, 1790.6000000000006, 17986.600000000002, 64048.19999999999, 215652.4000000001, 14378014.0]"
 Ankara,284948,0.9501663954941543,284948,low,"[55.0, 1790.6000000000006, 17986.600000000002, 64048.19999999999, 215652.4000000001, 14378014.0]"
" Ankara,",51576,0.17198149140898164,51576,high,"[55.0, 1790.6000000000006, 17986.600000000002, 64048.19999999999, 215652.4000000001, 14378014.0]"
 Apia,12619,0.0420783783172394,12619,very_high,"[55.0, 1790.6000000000006, 17986.600000000002, 64048.19999999999, 215652.4000000001, 14378014.0]"
" Apia,",3418,0.011397408438729238,3418,very_high,"[55.0, 1790.6000000000006, 17986.600000000002, 64048.19999999999, 215652.4000000001, 14378014.0]"
 Asmara,15656,0.05220533250928759,15656,very_high,"[55.0, 1790.6000000000006, 17986.600000000002, 64048.19999999999, 215652.4000000001, 14378014.0]"
 Astana,64969,0.21664079252656523,64969,medium,"[55.0, 1790.6000000000006, 17986.600000000002, 64048.19999999999, 215652.4000000001, 14378014.0]"
" Astana,",10630,0.03544600693495957,10630,very_high,"[55.0, 1790.6000000000006, 17986.600000000002, 64048.19999999999, 215652.4000000001, 14378014.0]"
 Asunción,21617,0.07208243950263604,21617,high,"[55.0, 1790.6000000000006, 17986.600000000002, 64048.19999999999, 215652.4000000001, 14378014.0]"
 Athens,1059536,3.5330498968804633,1059536,low,"[55.0, 1790.6000000000006, 17986.600000000002, 64048.19999999999, 215652.4000000001, 14378014.0]"
" Athens,",277624,0.9257443301327579,277624,low,"[55.0, 1790.6000000000006, 17986.600000000002, 64048.19999999999, 215652.4000000001, 14378014.0]"
 Baghdad,663195,2.211440693248402,663195,low,"[55.0, 1790.6000000000006, 17986.600000000002, 64048.19999999999, 215652.4000000001, 14378014.0]"
" Baghdad,",138403,0.46150834410340635,138403,medium,"[55.0, 1790.6000000000006, 17986.600000000002, 64048.19999999999, 215652.4000000001, 14378014.0]"
 Baku,124136,0.4139346676272946,124136,medium,"[55.0, 1790.6000000000006, 17986.600000000002, 64048.19999999999, 215652.4000000001, 14378014.0]"
" Baku,",25266,0.08425012335077033,25266,high,"[55.0, 1790.6000000000006, 17986.600000000002, 64048.19999999999, 215652.4000000001, 14378014.0]"
 Bamako,34493,0.11501779089440833,34493,high,"[55.0, 1790.6000000000006, 17986.600000000002, 64048.19999999999, 215652.4000000001, 14378014.0]"
 Bangkok,471449,1.5720587510329027,471449,low,"[55.0, 1790.6000000000006, 17986.600000000002, 64048.19999999999, 215652.4000000001, 14378014.0]"
" Bangkok,",106478,0.35505361490316323,106478,medium,"[55.0, 1790.6000000000006, 17986.600000000002, 64048.19999999999, 215652.4000000001, 14378014.0]"
 Bangui,20161,0.06722737025547694,20161,high,"[55.0, 1790.6000000000006, 17986.600000000002, 64048.19999999999, 215652.4000000001, 14378014.0]"
 Banjul,8862,0.02955056570626639,8862,very_high,"[55.0, 1790.6000000000006, 17986.600000000002, 64048.19999999999, 215652.4000000001, 14378014.0]"
 Basseterre,3449,0.011500778731766281,3449,very_high,"[55.0, 1790.6000000000006, 17986.600000000002, 64048.19999999999, 215652.4000000001, 14378014.0]"
 Beijing,1957823,6.528410878214802,1957823,low,"[55.0, 1790.6000000000006, 17986.600000000002, 64048.19999999999, 215652.4000000001, 14378014.0]"
" Beijing,",396147,1.3209623056691844,396147,low,"[55.0, 1790.6000000000006, 17986.600000000002, 64048.19999999999, 215652.4000000001, 14378014.0]"
 Beirut,316580,1.0556441086989183,316580,low,"[55.0, 1790.6000000000006, 17986.600000000002, 64048.19999999999, 215652.4000000001, 14378014.0]"
 Belgrade,241731,0.8060582034237734,241731,low,"[55.0, 1790.6000000000006, 17986.600000000002, 64048.19999999999, 215652.4000000001, 14378014.0]"
" Belgrade,",57968,0.19329577892810315,57968,high,"[55.0, 1790.6000000000006, 17986.600000000002, 64048.19999999999, 215652.4000000001, 14378014.0]"
 Belmopan,5406,0.01802644529542723,5406,very_high,"[55.0, 1790.6000000000006, 17986.600000000002, 64048.19999999999, 215652.4000000001, 14378014.0]"
 Berlin,3225252,10.754685301880736,3225252,low,"[55.0, 1790.6000000000006, 17986.600000000002, 64048.19999999999, 215652.4000000001, 14378014.0]"
" Berlin,",812565,2.709518779407848,812565,low,"[55.0, 1790.6000000000006, 17986.600000000002, 64048.19999999999, 215652.4000000001, 14378014.0]"
 Bern,1959954,6.535516752229704,1959954,low,"[55.0, 1790.6000000000006, 17986.600000000002, 64048.19999999999, 215652.4000000001, 14378014.0]"
" Bern,",57859,0.1929323156396826,57859,high,"[55.0, 1790.6000000000006, 17986.600000000002, 64048.19999999999, 215652.4000000001, 14378014.0]"
 Bissau,17916,0.05974136032424607,17916,very_high,"[55.0, 1790.6000000000006, 17986.600000000002, 64048.19999999999, 215652.4000000001, 14378014.0]"
 Bogotá,81964,0.27331105478993667,81964,medium,"[55.0, 1790.6000000000006, 17986.600000000002, 64048.19999999999, 215652.4000000001, 14378014.0]"
 Brasília,54235,0.1808479949310943,54235,high,"[55.0, 1790.6000000000006, 17986.600000000002, 64048.19999999999, 215652.4000000001, 14378014.0]"
 Bridgetown,16953,0.056530212188934115,16953,very_high,"[55.0, 1790.6000000000006, 17986.600000000002, 64048.19999999999, 215652.4000000001, 14378014.0]"
 Brussels,933042,3.1112524179311896,933042,low,"[55.0, 1790.6000000000006, 17986.600000000002, 64048.19999999999, 215652.4000000001, 14378014.0]"
" Brussels,",185693,0.6191980588686216,185693,medium,"[55.0, 1790.6000000000006, 17986.600000000002, 64048.19999999999, 215652.4000000001, 14378014.0]"
 Bucharest,160144,0.5340042647781905,160144,medium,"[55.0, 1790.6000000000006, 17986.600000000002, 64048.19999999999, 215652.4000000001, 14378014.0]"
" Bucharest,",48877,0.16298160686359536,48877,high,"[55.0, 1790.6000000000006, 17986.600000000002, 64048.19999999999, 215652.4000000001, 14378014.0]"
 Budapest,386767,1.2896844557115248,386767,low,"[55.0, 1790.6000000000006, 17986.600000000002, 64048.19999999999, 215652.4000000001, 14378014.0]"
" Budapest,",101657,0.3389778670731124,101657,medium,"[55.0, 1790.6000000000006, 17986.600000000002, 64048.19999999999, 215652.4000000001, 14378014.0]"
 Buenos Aires,418678,1.396092501553622,418678,low,"[55.0, 1790.6000000000006, 17986.600000000002, 64048.19999999999, 215652.4000000001, 14378014.0]"
" Buenos Aires,",126704,0.4224977293214598,126704,medium,"[55.0, 1790.6000000000006, 17986.600000000002, 64048.19999999999, 215652.4000000001, 14378014.0]"
 Cairo,729138,2.431329313691679,729138,low,"[55.0, 1790.6000000000006, 17986.600000000002, 64048.19999999999, 215652.4000000001, 14378014.0]"
" Cairo,",164226,0.5476157982032617,164226,medium,"[55.0, 1790.6000000000006, 17986.600000000002, 64048.19999999999, 215652.4000000001, 14378014.0]"
 Canberra,315801,1.053046513270665,315801,low,"[55.0, 1790.6000000000006, 17986.600000000002, 64048.19999999999, 215652.4000000001, 14378014.0]"
 Caracas,163266,0.5444146536446951,163266,medium,"[55.0, 1790.6000000000006, 17986.600000000002, 64048.19999999999, 215652.4000000001, 14378014.0]"
 Castries,9599,0.0320081110600825,9599,very_high,"[55.0, 1790.6000000000006, 17986.600000000002, 64048.19999999999, 215652.4000000001, 14378014.0]"
" Castries,",2779,0.009266646591933457,2779,very_high,"[55.0, 1790.6000000000006, 17986.600000000002, 64048.19999999999, 215652.4000000001, 14378014.0]"
 Conakry,14785,0.049300960727504915,14785,very_high,"[55.0, 1790.6000000000006, 17986.600000000002, 64048.19999999999, 215652.4000000001, 14378014.0]"
 Copenhagen,571382,1.905287896002923,571382,low,"[55.0, 1790.6000000000006, 17986.600000000002, 64048.19999999999, 215652.4000000001, 14378014.0]"
" Copenhagen,",139327,0.46458944574102656,139327,medium,"[55.0, 1790.6000000000006, 17986.600000000002, 64048.19999999999, 215652.4000000001, 14378014.0]"
 Dakar,101515,0.33850436444049115,101515,medium,"[55.0, 1790.6000000000006, 17986.600000000002, 64048.19999999999, 215652.4000000001, 14378014.0]"
" Dakar,",27057,0.09022225866784582,27057,high,"[55.0, 1790.6000000000006, 17986.600000000002, 64048.19999999999, 215652.4000000001, 14378014.0]"
 Damascus,515616,1.7193347424060315,515616,low,"[55.0, 1790.6000000000006, 17986.600000000002, 64048.19999999999, 215652.4000000001, 14378014.0]"
" Damascus,",113316,0.37785510083178536,113316,medium,"[55.0, 1790.6000000000006, 17986.600000000002, 64048.19999999999, 215652.4000000001, 14378014.0]"
 Dhaka,162958,0.5433876197654884,162958,medium,"[55.0, 1790.6000000000006, 17986.600000000002, 64048.19999999999, 215652.4000000001, 14378014.0]"
" Dhaka,",37360,0.12457787573754371,37360,high,"[55.0, 1790.6000000000006, 17986.600000000002, 64048.19999999999, 215652.4000000001, 14378014.0]"
 Dili,18005,0.06003813310102983,18005,high,"[55.0, 1790.6000000000006, 17986.600000000002, 64048.19999999999, 215652.4000000001, 14378014.0]"
" Dili,",3527,0.011760871727149803,3527,very_high,"[55.0, 1790.6000000000006, 17986.600000000002, 64048.19999999999, 215652.4000000001, 14378014.0]"
 Dodoma,6407,0.021364305402849105,6407,very_high,"[55.0, 1790.6000000000006, 17986.600000000002, 64048.19999999999, 215652.4000000001, 14378014.0]"
" Dodoma,",1257,0.004191498656372924,1257,ultra_high,"[55.0, 1790.6000000000006, 17986.600000000002, 64048.19999999999, 215652.4000000001, 14378014.0]"
 Doha,166579,0.5554619368973311,166579,medium,"[55.0, 1790.6000000000006, 17986.600000000002, 64048.19999999999, 215652.4000000001, 14378014.0]"
" Doha,",39612,0.13208722734784745,39612,high,"[55.0, 1790.6000000000006, 17986.600000000002, 64048.19999999999, 215652.4000000001, 14378014.0]"
 Dublin,1287083,4.291811189451417,1287083,low,"[55.0, 1790.6000000000006, 17986.600000000002, 64048.19999999999, 215652.4000000001, 14378014.0]"
" Dublin,",261200,0.8709780819766172,261200,low,"[55.0, 1790.6000000000006, 17986.600000000002, 64048.19999999999, 215652.4000000001, 14378014.0]"
 Freetown,42159,0.14058026400479404,42159,high,"[55.0, 1790.6000000000006, 17986.600000000002, 64048.19999999999, 215652.4000000001, 14378014.0]"
 Funafuti,3712,0.01237775895979021,3712,very_high,"[55.0, 1790.6000000000006, 17986.600000000002, 64048.19999999999, 215652.4000000001, 14378014.0]"
 Gaborone,13348,0.04450924746640079,13348,very_high,"[55.0, 1790.6000000000006, 17986.600000000002, 64048.19999999999, 215652.4000000001, 14378014.0]"
 Georgetown,434741,1.4496549859747188,434741,low,"[55.0, 1790.6000000000006, 17986.600000000002, 64048.19999999999, 215652.4000000001, 14378014.0]"
" Georgetown,",63699,0.21240594503762839,63699,high,"[55.0, 1790.6000000000006, 17986.600000000002, 64048.19999999999, 215652.4000000001, 14378014.0]"
 Gitega,1049,0.0034979173353501965,1049,ultra_high,"[55.0, 1790.6000000000006, 17986.600000000002, 64048.19999999999, 215652.4000000001, 14378014.0]"
 Guatemala City,28202,0.09404029045905266,28202,high,"[55.0, 1790.6000000000006, 17986.600000000002, 64048.19999999999, 215652.4000000001, 14378014.0]"
" Guatemala City,",7831,0.026112669831389313,7831,very_high,"[55.0, 1790.6000000000006, 17986.600000000002, 64048.19999999999, 215652.4000000001, 14378014.0]"
 Hanoi,236527,0.7887053322958779,236527,low,"[55.0, 1790.6000000000006, 17986.600000000002, 64048.19999999999, 215652.4000000001, 14378014.0]"
" Hanoi,",44369,0.1479495655406605,44369,high,"[55.0, 1790.6000000000006, 17986.600000000002, 64048.19999999999, 215652.4000000001, 14378014.0]"
 Harare,70558,0.2352774560034692,70558,medium,"[55.0, 1790.6000000000006, 17986.600000000002, 64048.19999999999, 215652.4000000001, 14378014.0]"
" Harare,",17998,0.060014791421956946,17998,high,"[55.0, 1790.6000000000006, 17986.600000000002, 64048.19999999999, 215652.4000000001, 14378014.0]"
 Havana,340220,1.1344722934536167,340220,low,"[55.0, 1790.6000000000006, 17986.600000000002, 64048.19999999999, 215652.4000000001, 14378014.0]"
" Havana,",78647,0.26225043343497323,78647,medium,"[55.0, 1790.6000000000006, 17986.600000000002, 64048.19999999999, 215652.4000000001, 14378014.0]"
 Helsinki,657893,2.193761038613486,657893,low,"[55.0, 1790.6000000000006, 17986.600000000002, 64048.19999999999, 215652.4000000001, 14378014.0]"
" Helsinki,",110049,0.366961205755914,110049,medium,"[55.0, 1790.6000000000006, 17986.600000000002, 64048.19999999999, 215652.4000000001, 14378014.0]"
 Honiara,7966,0.026562830784937718,7966,very_high,"[55.0, 1790.6000000000006, 17986.600000000002, 64048.19999999999, 215652.4000000001, 14378014.0]"
 Islamabad,217564,0.7254727236874454,217564,low,"[55.0, 1790.6000000000006, 17986.600000000002, 64048.19999999999, 215652.4000000001, 14378014.0]"
" Islamabad,",42284,0.14099707970252404,42284,high,"[55.0, 1790.6000000000006, 17986.600000000002, 64048.19999999999, 215652.4000000001, 14378014.0]"
 Jakarta,266775,0.8895680620953753,266775,low,"[55.0, 1790.6000000000006, 17986.600000000002, 64048.19999999999, 215652.4000000001, 14378014.0]"
" Jakarta,",59668,0.1989644724172312,59668,high,"[55.0, 1790.6000000000006, 17986.600000000002, 64048.19999999999, 215652.4000000001, 14378014.0]"
 Juba,53024,0.17680988445148602,53024,high,"[55.0, 1790.6000000000006, 17986.600000000002, 64048.19999999999, 215652.4000000001, 14378014.0]"
" Juba,",10832,0.03611958110249126,10832,very_high,"[55.0, 1790.6000000000006, 17986.600000000002, 64048.19999999999, 215652.4000000001, 14378014.0]"
 Kabul,316803,1.0563877079036688,316803,low,"[55.0, 1790.6000000000006, 17986.600000000002, 64048.19999999999, 215652.4000000001, 14378014.0]"
" Kabul,",70968,0.2366446114920236,70968,medium,"[55.0, 1790.6000000000006, 17986.600000000002, 64048.19999999999, 215652.4000000001, 14378014.0]"
 Kampala,78809,0.26279062657923136,78809,medium,"[55.0, 1790.6000000000006, 17986.600000000002, 64048.19999999999, 215652.4000000001, 14378014.0]"
" Kampala,",24971,0.08326643830412751,24971,high,"[55.0, 1790.6000000000006, 17986.600000000002, 64048.19999999999, 215652.4000000001, 14378014.0]"
 Kathmandu,169966,0.5667559750430234,169966,medium,"[55.0, 1790.6000000000006, 17986.600000000002, 64048.19999999999, 215652.4000000001, 14378014.0]"
 Kigali,43150,0.14388477885639753,43150,high,"[55.0, 1790.6000000000006, 17986.600000000002, 64048.19999999999, 215652.4000000001, 14378014.0]"
 Kingston,428182,1.42778383268343,428182,low,"[55.0, 1790.6000000000006, 17986.600000000002, 64048.19999999999, 215652.4000000001, 14378014.0]"
" Kingston,",103613,0.34550019911119156,103613,medium,"[55.0, 1790.6000000000006, 17986.600000000002, 64048.19999999999, 215652.4000000001, 14378014.0]"
 Kingstown,18420,0.06142196121749344,18420,high,"[55.0, 1790.6000000000006, 17986.600000000002, 64048.19999999999, 215652.4000000001, 14378014.0]"
" Kingstown,",6069,0.02023723575618717,6069,very_high,"[55.0, 1790.6000000000006, 17986.600000000002, 64048.19999999999, 215652.4000000001, 14378014.0]"
 Kuwait City,11108,0.037039910163079115,11108,very_high,"[55.0, 1790.6000000000006, 17986.600000000002, 64048.19999999999, 215652.4000000001, 14378014.0]"
" Kuwait City,",3044,0.010150295871121066,3044,very_high,"[55.0, 1790.6000000000006, 17986.600000000002, 64048.19999999999, 215652.4000000001, 14378014.0]"
 Kyiv,119246,0.39762883753209677,119246,medium,"[55.0, 1790.6000000000006, 17986.600000000002, 64048.19999999999, 215652.4000000001, 14378014.0]"
" Kyiv,",21097,0.07034848620007922,21097,high,"[55.0, 1790.6000000000006, 17986.600000000002, 64048.19999999999, 215652.4000000001, 14378014.0]"
 La Paz,82053,0.2736078275667204,82053,medium,"[55.0, 1790.6000000000006, 17986.600000000002, 64048.19999999999, 215652.4000000001, 14378014.0]"
 Libreville,9473,0.03158796083677065,9473,very_high,"[55.0, 1790.6000000000006, 17986.600000000002, 64048.19999999999, 215652.4000000001, 14378014.0]"
 Lilongwe,12153,0.04052448939610195,12153,very_high,"[55.0, 1790.6000000000006, 17986.600000000002, 64048.19999999999, 215652.4000000001, 14378014.0]"
 Lima,374310,1.2481462705385433,374310,low,"[55.0, 1790.6000000000006, 17986.600000000002, 64048.19999999999, 215652.4000000001, 14378014.0]"
" Lima,",105673,0.35236932180978203,105673,medium,"[55.0, 1790.6000000000006, 17986.600000000002, 64048.19999999999, 215652.4000000001, 14378014.0]"
 Lisbon,436913,1.4568975755384752,436913,low,"[55.0, 1790.6000000000006, 17986.600000000002, 64048.19999999999, 215652.4000000001, 14378014.0]"
" Lisbon,",90860,0.30297499436598563,90860,medium,"[55.0, 1790.6000000000006, 17986.600000000002, 64048.19999999999, 215652.4000000001, 14378014.0]"
 Lomé,16572,0.05525975794225306,16572,very_high,"[55.0, 1790.6000000000006, 17986.600000000002, 64048.19999999999, 215652.4000000001, 14378014.0]"
 London,14378014,47.94385549905417,14378014,low,"[55.0, 1790.6000000000006, 17986.600000000002, 64048.19999999999, 215652.4000000001, 14378014.0]"
" London,",2844725,9.485808285799894,2844725,low,"[55.0, 1790.6000000000006, 17986.600000000002, 64048.19999999999, 215652.4000000001, 14378014.0]"
 Luanda,28554,0.09521404346386035,28554,high,"[55.0, 1790.6000000000006, 17986.600000000002, 64048.19999999999, 215652.4000000001, 14378014.0]"
" Luanda,",8167,0.027233070426887565,8167,very_high,"[55.0, 1790.6000000000006, 17986.600000000002, 64048.19999999999, 215652.4000000001, 14378014.0]"
 Lusaka,35267,0.11759871369475251,35267,high,"[55.0, 1790.6000000000006, 17986.600000000002, 64048.19999999999, 215652.4000000001, 14378014.0]"
 Luxembourg,356335,1.188208173204969,356335,low,"[55.0, 1790.6000000000006, 17986.600000000002, 64048.19999999999, 215652.4000000001, 14378014.0]"
" Luxembourg,",79530,0.26519481952373797,79530,medium,"[55.0, 1790.6000000000006, 17986.600000000002, 64048.19999999999, 215652.4000000001, 14378014.0]"
 Madrid,1502316,5.009511134007593,1502316,low,"[55.0, 1790.6000000000006, 17986.600000000002, 64048.19999999999, 215652.4000000001, 14378014.0]"
" Madrid,",345218,1.1511382523116531,345218,low,"[55.0, 1790.6000000000006, 17986.600000000002, 64048.19999999999, 215652.4000000001, 14378014.0]"
 Majuro,6825,0.02275813709605824,6825,very_high,"[55.0, 1790.6000000000006, 17986.600000000002, 64048.19999999999, 215652.4000000001, 14378014.0]"
" Majuro,",1634,0.005448614800726617,1634,ultra_high,"[55.0, 1790.6000000000006, 17986.600000000002, 64048.19999999999, 215652.4000000001, 14378014.0]"
 Malabo,5224,0.017419561639532344,5224,very_high,"[55.0, 1790.6000000000006, 17986.600000000002, 64048.19999999999, 215652.4000000001, 14378014.0]"
" Malabo,",1301,0.004338217781973885,1301,ultra_high,"[55.0, 1790.6000000000006, 17986.600000000002, 64048.19999999999, 215652.4000000001, 14378014.0]"
 Malé,8579,0.028606894966605657,8579,very_high,"[55.0, 1790.6000000000006, 17986.600000000002, 64048.19999999999, 215652.4000000001, 14378014.0]"
" Malé,",1171,0.0039047294563346814,1171,ultra_high,"[55.0, 1790.6000000000006, 17986.600000000002, 64048.19999999999, 215652.4000000001, 14378014.0]"
 Managua,33777,0.11263027057781087,33777,high,"[55.0, 1790.6000000000006, 17986.600000000002, 64048.19999999999, 215652.4000000001, 14378014.0]"
" Managua,",10491,0.03498250787908381,10491,very_high,"[55.0, 1790.6000000000006, 17986.600000000002, 64048.19999999999, 215652.4000000001, 14378014.0]"
 Manama,19387,0.06464644745513276,19387,high,"[55.0, 1790.6000000000006, 17986.600000000002, 64048.19999999999, 215652.4000000001, 14378014.0]"
" Manama,",6490,0.021641071026141826,6490,very_high,"[55.0, 1790.6000000000006, 17986.600000000002, 64048.19999999999, 215652.4000000001, 14378014.0]"
 Manila,476941,1.5903719655283681,476941,low,"[55.0, 1790.6000000000006, 17986.600000000002, 64048.19999999999, 215652.4000000001, 14378014.0]"
" Manila,",92541,0.3085803318690587,92541,medium,"[55.0, 1790.6000000000006, 17986.600000000002, 64048.19999999999, 215652.4000000001, 14378014.0]"
 Maputo,26594,0.0886783733234539,26594,high,"[55.0, 1790.6000000000006, 17986.600000000002, 64048.19999999999, 215652.4000000001, 14378014.0]"
" Maputo,",7023,0.023418373161262565,7023,very_high,"[55.0, 1790.6000000000006, 17986.600000000002, 64048.19999999999, 215652.4000000001, 14378014.0]"
 Maseru,5047,0.016829350611546657,5047,very_high,"[55.0, 1790.6000000000006, 17986.600000000002, 64048.19999999999, 215652.4000000001, 14378014.0]"
 Mbabane,3247,0.010827204564234593,3247,very_high,"[55.0, 1790.6000000000006, 17986.600000000002, 64048.19999999999, 215652.4000000001, 14378014.0]"
 Mexico City,462200,1.5412177239264642,462200,low,"[55.0, 1790.6000000000006, 17986.600000000002, 64048.19999999999, 215652.4000000001, 14378014.0]"
" Mexico City,",96354,0.32129487791261474,96354,medium,"[55.0, 1790.6000000000006, 17986.600000000002, 64048.19999999999, 215652.4000000001, 14378014.0]"
 Minsk,142190,0.4741361924818346,142190,medium,"[55.0, 1790.6000000000006, 17986.600000000002, 64048.19999999999, 215652.4000000001, 14378014.0]"
 Monaco,317542,1.0588519223086486,317542,low,"[55.0, 1790.6000000000006, 17986.600000000002, 64048.19999999999, 215652.4000000001, 14378014.0]"
" Monaco,",65401,0.21808130757792013,65401,medium,"[55.0, 1790.6000000000006, 17986.600000000002, 64048.19999999999, 215652.4000000001, 14378014.0]"
 Monrovia,54140,0.18053121500081948,54140,high,"[55.0, 1790.6000000000006, 17986.600000000002, 64048.19999999999, 215652.4000000001, 14378014.0]"
 Montevideo,75023,0.25016611272638495,75023,medium,"[55.0, 1790.6000000000006, 17986.600000000002, 64048.19999999999, 215652.4000000001, 14378014.0]"
" Montevideo,",23642,0.07883485380586211,23642,high,"[55.0, 1790.6000000000006, 17986.600000000002, 64048.19999999999, 215652.4000000001, 14378014.0]"
 Moroni,34887,0.1163315939736533,34887,high,"[55.0, 1790.6000000000006, 17986.600000000002, 64048.19999999999, 215652.4000000001, 14378014.0]"
" Moroni,",8013,0.026719553487284203,8013,very_high,"[55.0, 1790.6000000000006, 17986.600000000002, 64048.19999999999, 215652.4000000001, 14378014.0]"
 Moscow,2340817,7.805514168906045,2340817,low,"[55.0, 1790.6000000000006, 17986.600000000002, 64048.19999999999, 215652.4000000001, 14378014.0]"
" Moscow,",408623,1.3625638468282206,408623,low,"[55.0, 1790.6000000000006, 17986.600000000002, 64048.19999999999, 215652.4000000001, 14378014.0]"
 Muscat,90930,0.3032084111567144,90930,medium,"[55.0, 1790.6000000000006, 17986.600000000002, 64048.19999999999, 215652.4000000001, 14378014.0]"
" Muscat,",14898,0.04967776211825284,14898,very_high,"[55.0, 1790.6000000000006, 17986.600000000002, 64048.19999999999, 215652.4000000001, 14378014.0]"
 Nairobi,254799,0.8496337837272591,254799,low,"[55.0, 1790.6000000000006, 17986.600000000002, 64048.19999999999, 215652.4000000001, 14378014.0]"
 Nassau,225246,0.7510885492071405,225246,low,"[55.0, 1790.6000000000006, 17986.600000000002, 64048.19999999999, 215652.4000000001, 14378014.0]"
" Nassau,",32261,0.10757512979574137,32261,high,"[55.0, 1790.6000000000006, 17986.600000000002, 64048.19999999999, 215652.4000000001, 14378014.0]"
 New Delhi,500949,1.6704272556971838,500949,low,"[55.0, 1790.6000000000006, 17986.600000000002, 64048.19999999999, 215652.4000000001, 14378014.0]"
" New Delhi,",119519,0.39853916301593917,119519,medium,"[55.0, 1790.6000000000006, 17986.600000000002, 64048.19999999999, 215652.4000000001, 14378014.0]"
 Niamey,11331,0.03778350936782944,11331,very_high,"[55.0, 1790.6000000000006, 17986.600000000002, 64048.19999999999, 215652.4000000001, 14378014.0]"
 Nicosia,44989,0.15001697140140133,44989,high,"[55.0, 1790.6000000000006, 17986.600000000002, 64048.19999999999, 215652.4000000001, 14378014.0]"
 Oslo,439799,1.4665210163676654,439799,low,"[55.0, 1790.6000000000006, 17986.600000000002, 64048.19999999999, 215652.4000000001, 14378014.0]"
" Oslo,",98777,0.3293744333974131,98777,medium,"[55.0, 1790.6000000000006, 17986.600000000002, 64048.19999999999, 215652.4000000001, 14378014.0]"
 Ottawa,964609,3.2165133869731344,964609,low,"[55.0, 1790.6000000000006, 17986.600000000002, 64048.19999999999, 215652.4000000001, 14378014.0]"
" Ottawa,",175221,0.5842789069755927,175221,medium,"[55.0, 1790.6000000000006, 17986.600000000002, 64048.19999999999, 215652.4000000001, 14378014.0]"
 Palikir,403,0.001343813809481534,403,ultra_high,"[55.0, 1790.6000000000006, 17986.600000000002, 64048.19999999999, 215652.4000000001, 14378014.0]"
 Panama City,74548,0.2485822130750109,74548,medium,"[55.0, 1790.6000000000006, 17986.600000000002, 64048.19999999999, 215652.4000000001, 14378014.0]"
" Panama City,",22822,0.07610054282875328,22822,high,"[55.0, 1790.6000000000006, 17986.600000000002, 64048.19999999999, 215652.4000000001, 14378014.0]"
 Paramaribo,7114,0.023721814989210006,7114,very_high,"[55.0, 1790.6000000000006, 17986.600000000002, 64048.19999999999, 215652.4000000001, 14378014.0]"
 Paris,7025982,23.42831671654761,7025982,low,"[55.0, 1790.6000000000006, 17986.600000000002, 64048.19999999999, 215652.4000000001, 14378014.0]"
" Paris,",1583813,5.281264965350811,1583813,low,"[55.0, 1790.6000000000006, 17986.600000000002, 64048.19999999999, 215652.4000000001, 14378014.0]"
 Podgorica,14480,0.04828393042504371,14480,very_high,"[55.0, 1790.6000000000006, 17986.600000000002, 64048.19999999999, 215652.4000000001, 14378014.0]"
 Port Louis,7111,0.023711811412464485,7111,very_high,"[55.0, 1790.6000000000006, 17986.600000000002, 64048.19999999999, 215652.4000000001, 14378014.0]"
" Port Louis,",2222,0.007409315842848558,2222,very_high,"[55.0, 1790.6000000000006, 17986.600000000002, 64048.19999999999, 215652.4000000001, 14378014.0]"
 Port Vila,6620,0.022074559351781032,6620,very_high,"[55.0, 1790.6000000000006, 17986.600000000002, 64048.19999999999, 215652.4000000001, 14378014.0]"
 Port of Spain,15979,0.05328238427222192,15979,very_high,"[55.0, 1790.6000000000006, 17986.600000000002, 64048.19999999999, 215652.4000000001, 14378014.0]"
 Prague,544312,1.8150222885025131,544312,low,"[55.0, 1790.6000000000006, 17986.600000000002, 64048.19999999999, 215652.4000000001, 14378014.0]"
" Prague,",125916,0.41987012316296984,125916,medium,"[55.0, 1790.6000000000006, 17986.600000000002, 64048.19999999999, 215652.4000000001, 14378014.0]"
 Praia,38873,0.12962301294286768,38873,high,"[55.0, 1790.6000000000006, 17986.600000000002, 64048.19999999999, 215652.4000000001, 14378014.0]"
" Praia,",2500,0.008336313954600088,2500,very_high,"[55.0, 1790.6000000000006, 17986.600000000002, 64048.19999999999, 215652.4000000001, 14378014.0]"
 Pretoria,125285,0.4177660375208288,125285,medium,"[55.0, 1790.6000000000006, 17986.600000000002, 64048.19999999999, 215652.4000000001, 14378014.0]"
" Pretoria,",32838,0.10949915105646307,32838,high,"[55.0, 1790.6000000000006, 17986.600000000002, 64048.19999999999, 215652.4000000001, 14378014.0]"
 Pyongyang,311299,1.038034479101221,311299,low,"[55.0, 1790.6000000000006, 17986.600000000002, 64048.19999999999, 215652.4000000001, 14378014.0]"
 Quito,82910,0.2764655159903573,82910,medium,"[55.0, 1790.6000000000006, 17986.600000000002, 64048.19999999999, 215652.4000000001, 14378014.0]"
 Rabat,46465,0.15493873116019724,46465,high,"[55.0, 1790.6000000000006, 17986.600000000002, 64048.19999999999, 215652.4000000001, 14378014.0]"
" Rabat,",13451,0.044852703601330306,13451,very_high,"[55.0, 1790.6000000000006, 17986.600000000002, 64048.19999999999, 215652.4000000001, 14378014.0]"
 Riga,112710,0.37583437832919037,112710,medium,"[55.0, 1790.6000000000006, 17986.600000000002, 64048.19999999999, 215652.4000000001, 14378014.0]"
" Riga,",28632,0.09547413645924388,28632,high,"[55.0, 1790.6000000000006, 17986.600000000002, 64048.19999999999, 215652.4000000001, 14378014.0]"
 Riyadh,209853,0.6997601969258769,209853,medium,"[55.0, 1790.6000000000006, 17986.600000000002, 64048.19999999999, 215652.4000000001, 14378014.0]"
 Rome,3706063,12.357961881410825,3706063,low,"[55.0, 1790.6000000000006, 17986.600000000002, 64048.19999999999, 215652.4000000001, 14378014.0]"
" Rome,",761731,2.540011505980592,761731,low,"[55.0, 1790.6000000000006, 17986.600000000002, 64048.19999999999, 215652.4000000001, 14378014.0]"
 Roseau,9817,0.03273503763692362,9817,very_high,"[55.0, 1790.6000000000006, 17986.600000000002, 64048.19999999999, 215652.4000000001, 14378014.0]"
" Roseau,",2401,0.008006195921997925,2401,very_high,"[55.0, 1790.6000000000006, 17986.600000000002, 64048.19999999999, 215652.4000000001, 14378014.0]"
 San José,72280,0.24101950905539773,72280,medium,"[55.0, 1790.6000000000006, 17986.600000000002, 64048.19999999999, 215652.4000000001, 14378014.0]"
" San José,",17085,0.056970369565737,17085,very_high,"[55.0, 1790.6000000000006, 17986.600000000002, 64048.19999999999, 215652.4000000001, 14378014.0]"
 San Marino,52917,0.1764530902142291,52917,high,"[55.0, 1790.6000000000006, 17986.600000000002, 64048.19999999999, 215652.4000000001, 14378014.0]"
 San Salvador,33363,0.11124977698692909,33363,high,"[55.0, 1790.6000000000006, 17986.600000000002, 64048.19999999999, 215652.4000000001, 14378014.0]"
" San Salvador,",9626,0.03209814325079218,9626,very_high,"[55.0, 1790.6000000000006, 17986.600000000002, 64048.19999999999, 215652.4000000001, 14378014.0]"
 Santiago,591461,1.9722418351606892,591461,low,"[55.0, 1790.6000000000006, 17986.600000000002, 64048.19999999999, 215652.4000000001, 14378014.0]"
" Santiago,",120090,0.4004431771231698,120090,medium,"[55.0, 1790.6000000000006, 17986.600000000002, 64048.19999999999, 215652.4000000001, 14378014.0]"
 Sarajevo,127247,0.4243083767123989,127247,medium,"[55.0, 1790.6000000000006, 17986.600000000002, 64048.19999999999, 215652.4000000001, 14378014.0]"
 Seoul,669331,2.2319013422185723,669331,low,"[55.0, 1790.6000000000006, 17986.600000000002, 64048.19999999999, 215652.4000000001, 14378014.0]"
" Seoul,",198985,0.6635205729024394,198985,medium,"[55.0, 1790.6000000000006, 17986.600000000002, 64048.19999999999, 215652.4000000001, 14378014.0]"
 Singapore,2361676,7.875069038017646,2361676,low,"[55.0, 1790.6000000000006, 17986.600000000002, 64048.19999999999, 215652.4000000001, 14378014.0]"
" Singapore,",429987,1.433802651358651,429987,low,"[55.0, 1790.6000000000006, 17986.600000000002, 64048.19999999999, 215652.4000000001, 14378014.0]"
 Skopje,43809,0.1460822312148301,43809,high,"[55.0, 1790.6000000000006, 17986.600000000002, 64048.19999999999, 215652.4000000001, 14378014.0]"
 Sofia,314518,1.048768316949164,314518,low,"[55.0, 1790.6000000000006, 17986.600000000002, 64048.19999999999, 215652.4000000001, 14378014.0]"
" Sofia,",50231,0.1674965545014068,50231,high,"[55.0, 1790.6000000000006, 17986.600000000002, 64048.19999999999, 215652.4000000001, 14378014.0]"
 Stockholm,591496,1.9723585435560533,591496,low,"[55.0, 1790.6000000000006, 17986.600000000002, 64048.19999999999, 215652.4000000001, 14378014.0]"
" Stockholm,",150806,0.5028664648949683,150806,medium,"[55.0, 1790.6000000000006, 17986.600000000002, 64048.19999999999, 215652.4000000001, 14378014.0]"
 Suva,24357,0.08121903959687773,24357,high,"[55.0, 1790.6000000000006, 17986.600000000002, 64048.19999999999, 215652.4000000001, 14378014.0]"
" Suva,",6066,0.02022723217944165,6066,very_high,"[55.0, 1790.6000000000006, 17986.600000000002, 64048.19999999999, 215652.4000000001, 14378014.0]"
 São Tomé,21675,0.07227584198638276,21675,high,"[55.0, 1790.6000000000006, 17986.600000000002, 64048.19999999999, 215652.4000000001, 14378014.0]"
 Taipei,273235,0.9111090973540619,273235,low,"[55.0, 1790.6000000000006, 17986.600000000002, 64048.19999999999, 215652.4000000001, 14378014.0]"
" Taipei,",64693,0.21572046346597737,64693,medium,"[55.0, 1790.6000000000006, 17986.600000000002, 64048.19999999999, 215652.4000000001, 14378014.0]"
 Tallinn,84102,0.2804402704839106,84102,medium,"[55.0, 1790.6000000000006, 17986.600000000002, 64048.19999999999, 215652.4000000001, 14378014.0]"
" Tallinn,",20305,0.0677075419392619,20305,high,"[55.0, 1790.6000000000006, 17986.600000000002, 64048.19999999999, 215652.4000000001, 14378014.0]"
 Tarawa,18335,0.06113852654303704,18335,high,"[55.0, 1790.6000000000006, 17986.600000000002, 64048.19999999999, 215652.4000000001, 14378014.0]"
" Tarawa,",4364,0.014551869639149912,4364,very_high,"[55.0, 1790.6000000000006, 17986.600000000002, 64048.19999999999, 215652.4000000001, 14378014.0]"
 Tbilisi,83104,0.27711241395323427,83104,medium,"[55.0, 1790.6000000000006, 17986.600000000002, 64048.19999999999, 215652.4000000001, 14378014.0]"
 Tehran,728682,2.4298087700263604,728682,low,"[55.0, 1790.6000000000006, 17986.600000000002, 64048.19999999999, 215652.4000000001, 14378014.0]"
" Tehran,",139042,0.4636391059502022,139042,medium,"[55.0, 1790.6000000000006, 17986.600000000002, 64048.19999999999, 215652.4000000001, 14378014.0]"
 Tirana,47550,0.15855669141649367,47550,high,"[55.0, 1790.6000000000006, 17986.600000000002, 64048.19999999999, 215652.4000000001, 14378014.0]"
" Tirana,",11409,0.03804360236321296,11409,very_high,"[55.0, 1790.6000000000006, 17986.600000000002, 64048.19999999999, 215652.4000000001, 14378014.0]"
 Tokyo,2057400,6.8604529320776875,2057400,low,"[55.0, 1790.6000000000006, 17986.600000000002, 64048.19999999999, 215652.4000000001, 14378014.0]"
" Tokyo,",656273,2.188359107170905,656273,low,"[55.0, 1790.6000000000006, 17986.600000000002, 64048.19999999999, 215652.4000000001, 14378014.0]"
 Tripoli,212785,0.7095370259318319,212785,medium,"[55.0, 1790.6000000000006, 17986.600000000002, 64048.19999999999, 215652.4000000001, 14378014.0]"
 Tunis,293090,0.9773161027814958,293090,low,"[55.0, 1790.6000000000006, 17986.600000000002, 64048.19999999999, 215652.4000000001, 14378014.0]"
" Tunis,",29918,0.09976233635749017,29918,high,"[55.0, 1790.6000000000006, 17986.600000000002, 64048.19999999999, 215652.4000000001, 14378014.0]"
 Vaduz,7060,0.023541750607790648,7060,very_high,"[55.0, 1790.6000000000006, 17986.600000000002, 64048.19999999999, 215652.4000000001, 14378014.0]"
 Valletta,29111,0.09707137421294526,29111,high,"[55.0, 1790.6000000000006, 17986.600000000002, 64048.19999999999, 215652.4000000001, 14378014.0]"
 Vatican City,42538,0.1418440492003114,42538,high,"[55.0, 1790.6000000000006, 17986.600000000002, 64048.19999999999, 215652.4000000001, 14378014.0]"
" Vatican City,",9623,0.03208813967404665,9623,very_high,"[55.0, 1790.6000000000006, 17986.600000000002, 64048.19999999999, 215652.4000000001, 14378014.0]"
 Victoria,2258384,7.530639221618226,2258384,low,"[55.0, 1790.6000000000006, 17986.600000000002, 64048.19999999999, 215652.4000000001, 14378014.0]"
" Victoria,",311199,1.037701026543037,311199,low,"[55.0, 1790.6000000000006, 17986.600000000002, 64048.19999999999, 215652.4000000001, 14378014.0]"
 Vienna,1119904,3.7343485372049825,1119904,low,"[55.0, 1790.6000000000006, 17986.600000000002, 64048.19999999999, 215652.4000000001, 14378014.0]"
" Vienna,",305126,1.0174504526845225,305126,low,"[55.0, 1790.6000000000006, 17986.600000000002, 64048.19999999999, 215652.4000000001, 14378014.0]"
 Vientiane,31880,0.10630467554906031,31880,high,"[55.0, 1790.6000000000006, 17986.600000000002, 64048.19999999999, 215652.4000000001, 14378014.0]"
 Vilnius,84401,0.2814372936328808,84401,medium,"[55.0, 1790.6000000000006, 17986.600000000002, 64048.19999999999, 215652.4000000001, 14378014.0]"
 Warsaw,532368,1.7751947149530156,532368,low,"[55.0, 1790.6000000000006, 17986.600000000002, 64048.19999999999, 215652.4000000001, 14378014.0]"
" Warsaw,",120817,0.4028673772211675,120817,medium,"[55.0, 1790.6000000000006, 17986.600000000002, 64048.19999999999, 215652.4000000001, 14378014.0]"
 Washington,13760743,45.88554955862619,13760743,low,"[55.0, 1790.6000000000006, 17986.600000000002, 64048.19999999999, 215652.4000000001, 14378014.0]"
" Washington,",3656989,12.194323373007608,3656989,low,"[55.0, 1790.6000000000006, 17986.600000000002, 64048.19999999999, 215652.4000000001, 14378014.0]"
 Wellington,596269,1.9882742341581758,596269,low,"[55.0, 1790.6000000000006, 17986.600000000002, 64048.19999999999, 215652.4000000001, 14378014.0]"
" Wellington,",100100,0.3337860107421875,100100,medium,"[55.0, 1790.6000000000006, 17986.600000000002, 64048.19999999999, 215652.4000000001, 14378014.0]"
 Windhoek,20935,0.06980829305582113,20935,high,"[55.0, 1790.6000000000006, 17986.600000000002, 64048.19999999999, 215652.4000000001, 14378014.0]"
 Yaoundé,16232,0.05412601924442744,16232,very_high,"[55.0, 1790.6000000000006, 17986.600000000002, 64048.19999999999, 215652.4000000001, 14378014.0]"
 Yaren,1063,0.003544600693495957,1063,ultra_high,"[55.0, 1790.6000000000006, 17986.600000000002, 64048.19999999999, 215652.4000000001, 14378014.0]"
" Yaren,",84,0.00028010014887456294,84,ultra_high,"[55.0, 1790.6000000000006, 17986.600000000002, 64048.19999999999, 215652.4000000001, 14378014.0]"
 Yerevan,68082,0.22702117066283325,68082,medium,"[55.0, 1790.6000000000006, 17986.600000000002, 64048.19999999999, 215652.4000000001, 14378014.0]"
 Zagreb,156161,0.5207228493857217,156161,medium,"[55.0, 1790.6000000000006, 17986.600000000002, 64048.19999999999, 215652.4000000001, 14378014.0]"
" Zagreb,",39195,0.13069673018022018,39195,high,"[55.0, 1790.6000000000006, 17986.600000000002, 64048.19999999999, 215652.4000000001, 14378014.0]"
 capital of Afghanistan,771,0.002570919223598667,771,ultra_high,"[55.0, 1790.6000000000006, 17986.600000000002, 64048.19999999999, 215652.4000000001, 14378014.0]"
 capital of Argentina,794,0.0026476133119809875,794,ultra_high,"[55.0, 1790.6000000000006, 17986.600000000002, 64048.19999999999, 215652.4000000001, 14378014.0]"
 capital of Australia,2903,0.009680127764081621,2903,very_high,"[55.0, 1790.6000000000006, 17986.600000000002, 64048.19999999999, 215652.4000000001, 14378014.0]"
 capital of Austria,830,0.002767656232927229,830,ultra_high,"[55.0, 1790.6000000000006, 17986.600000000002, 64048.19999999999, 215652.4000000001, 14378014.0]"
 capital of Bangladesh,1340,0.004468264279665647,1340,ultra_high,"[55.0, 1790.6000000000006, 17986.600000000002, 64048.19999999999, 215652.4000000001, 14378014.0]"
 capital of Belgium,868,0.0028943682050371505,868,ultra_high,"[55.0, 1790.6000000000006, 17986.600000000002, 64048.19999999999, 215652.4000000001, 14378014.0]"
 capital of Brazil,1709,0.005698704219364619,1709,ultra_high,"[55.0, 1790.6000000000006, 17986.600000000002, 64048.19999999999, 215652.4000000001, 14378014.0]"
 capital of Bulgaria,1026,0.0034212232469678755,1026,ultra_high,"[55.0, 1790.6000000000006, 17986.600000000002, 64048.19999999999, 215652.4000000001, 14378014.0]"
 capital of Cambodia,700,0.0023341679072880245,700,ultra_high,"[55.0, 1790.6000000000006, 17986.600000000002, 64048.19999999999, 215652.4000000001, 14378014.0]"
 capital of Canada,3015,0.010053594629247705,3015,very_high,"[55.0, 1790.6000000000006, 17986.600000000002, 64048.19999999999, 215652.4000000001, 14378014.0]"
 capital of Chad,257,0.000856973074532889,257,ultra_high,"[55.0, 1790.6000000000006, 17986.600000000002, 64048.19999999999, 215652.4000000001, 14378014.0]"
 capital of Chile,611,0.0020373951305042615,611,ultra_high,"[55.0, 1790.6000000000006, 17986.600000000002, 64048.19999999999, 215652.4000000001, 14378014.0]"
 capital of China,5328,0.017766352300043704,5328,very_high,"[55.0, 1790.6000000000006, 17986.600000000002, 64048.19999999999, 215652.4000000001, 14378014.0]"
 capital of Colombia,628,0.002094082065395542,628,ultra_high,"[55.0, 1790.6000000000006, 17986.600000000002, 64048.19999999999, 215652.4000000001, 14378014.0]"
 capital of Croatia,674,0.0022474702421601835,674,ultra_high,"[55.0, 1790.6000000000006, 17986.600000000002, 64048.19999999999, 215652.4000000001, 14378014.0]"
 capital of Cuba,335,0.0011170660699164117,335,ultra_high,"[55.0, 1790.6000000000006, 17986.600000000002, 64048.19999999999, 215652.4000000001, 14378014.0]"
 capital of Cyprus,361,0.0012037637350442527,361,ultra_high,"[55.0, 1790.6000000000006, 17986.600000000002, 64048.19999999999, 215652.4000000001, 14378014.0]"
 capital of Denmark,822,0.0027409800282725085,822,ultra_high,"[55.0, 1790.6000000000006, 17986.600000000002, 64048.19999999999, 215652.4000000001, 14378014.0]"
 capital of Ecuador,568,0.00189401053048514,568,ultra_high,"[55.0, 1790.6000000000006, 17986.600000000002, 64048.19999999999, 215652.4000000001, 14378014.0]"
 capital of Egypt,1923,0.006412292693878387,1923,very_high,"[55.0, 1790.6000000000006, 17986.600000000002, 64048.19999999999, 215652.4000000001, 14378014.0]"
 capital of Ethiopia,1381,0.004604979828521088,1381,ultra_high,"[55.0, 1790.6000000000006, 17986.600000000002, 64048.19999999999, 215652.4000000001, 14378014.0]"
 capital of Finland,755,0.0025175668142892265,755,ultra_high,"[55.0, 1790.6000000000006, 17986.600000000002, 64048.19999999999, 215652.4000000001, 14378014.0]"
 capital of France,4125,0.013754918025090145,4125,very_high,"[55.0, 1790.6000000000006, 17986.600000000002, 64048.19999999999, 215652.4000000001, 14378014.0]"
 capital of Georgia,1589,0.005298561149543816,1589,ultra_high,"[55.0, 1790.6000000000006, 17986.600000000002, 64048.19999999999, 215652.4000000001, 14378014.0]"
 capital of Germany,1738,0.005795405461237981,1738,ultra_high,"[55.0, 1790.6000000000006, 17986.600000000002, 64048.19999999999, 215652.4000000001, 14378014.0]"
 capital of Ghana,740,0.002467548930561626,740,ultra_high,"[55.0, 1790.6000000000006, 17986.600000000002, 64048.19999999999, 215652.4000000001, 14378014.0]"
 capital of Greece,969,0.0032311552888029936,969,ultra_high,"[55.0, 1790.6000000000006, 17986.600000000002, 64048.19999999999, 215652.4000000001, 14378014.0]"
 capital of Guatemala,349,0.0011637494280621722,349,ultra_high,"[55.0, 1790.6000000000006, 17986.600000000002, 64048.19999999999, 215652.4000000001, 14378014.0]"
 capital of Guinea,358,0.0011937601582987325,358,ultra_high,"[55.0, 1790.6000000000006, 17986.600000000002, 64048.19999999999, 215652.4000000001, 14378014.0]"
 capital of Haiti,337,0.0011237351210800918,337,ultra_high,"[55.0, 1790.6000000000006, 17986.600000000002, 64048.19999999999, 215652.4000000001, 14378014.0]"
 capital of Hungary,926,0.0030877706887838725,926,ultra_high,"[55.0, 1790.6000000000006, 17986.600000000002, 64048.19999999999, 215652.4000000001, 14378014.0]"
 capital of Iceland,793,0.0026442787863991475,793,ultra_high,"[55.0, 1790.6000000000006, 17986.600000000002, 64048.19999999999, 215652.4000000001, 14378014.0]"
 capital of India,7588,0.025302380115002184,7588,very_high,"[55.0, 1790.6000000000006, 17986.600000000002, 64048.19999999999, 215652.4000000001, 14378014.0]"
 capital of Indonesia,865,0.0028843646282916305,865,ultra_high,"[55.0, 1790.6000000000006, 17986.600000000002, 64048.19999999999, 215652.4000000001, 14378014.0]"
 capital of Iran,1960,0.006535670140406469,1960,very_high,"[55.0, 1790.6000000000006, 17986.600000000002, 64048.19999999999, 215652.4000000001, 14378014.0]"
 capital of Iraq,1435,0.00478504420994045,1435,ultra_high,"[55.0, 1790.6000000000006, 17986.600000000002, 64048.19999999999, 215652.4000000001, 14378014.0]"
 capital of Ireland,1030,0.003434561349295236,1030,ultra_high,"[55.0, 1790.6000000000006, 17986.600000000002, 64048.19999999999, 215652.4000000001, 14378014.0]"
 capital of Italy,2313,0.007712757670796001,2313,very_high,"[55.0, 1790.6000000000006, 17986.600000000002, 64048.19999999999, 215652.4000000001, 14378014.0]"
 capital of Jamaica,246,0.0008202932931326486,246,ultra_high,"[55.0, 1790.6000000000006, 17986.600000000002, 64048.19999999999, 215652.4000000001, 14378014.0]"
 capital of Japan,3090,0.010303684047885708,3090,very_high,"[55.0, 1790.6000000000006, 17986.600000000002, 64048.19999999999, 215652.4000000001, 14378014.0]"
 capital of Jordan,537,0.0017906402374480988,537,ultra_high,"[55.0, 1790.6000000000006, 17986.600000000002, 64048.19999999999, 215652.4000000001, 14378014.0]"
 capital of Kenya,501,0.0016705973165018575,501,ultra_high,"[55.0, 1790.6000000000006, 17986.600000000002, 64048.19999999999, 215652.4000000001, 14378014.0]"
 capital of Kuwait,68,0.00022674773956512238,68,ultra_high,"[55.0, 1790.6000000000006, 17986.600000000002, 64048.19999999999, 215652.4000000001, 14378014.0]"
 capital of Lebanon,363,0.0012104327862079327,363,ultra_high,"[55.0, 1790.6000000000006, 17986.600000000002, 64048.19999999999, 215652.4000000001, 14378014.0]"
 capital of Libya,361,0.0012037637350442527,361,ultra_high,"[55.0, 1790.6000000000006, 17986.600000000002, 64048.19999999999, 215652.4000000001, 14378014.0]"
 capital of Malaysia,930,0.0031011087911112325,930,ultra_high,"[55.0, 1790.6000000000006, 17986.600000000002, 64048.19999999999, 215652.4000000001, 14378014.0]"
 capital of Malta,375,0.0012504470931900132,375,ultra_high,"[55.0, 1790.6000000000006, 17986.600000000002, 64048.19999999999, 215652.4000000001, 14378014.0]"
 capital of Mexico,1242,0.004141480772645323,1242,ultra_high,"[55.0, 1790.6000000000006, 17986.600000000002, 64048.19999999999, 215652.4000000001, 14378014.0]"
 capital of Morocco,713,0.002377516739851945,713,ultra_high,"[55.0, 1790.6000000000006, 17986.600000000002, 64048.19999999999, 215652.4000000001, 14378014.0]"
 capital of Myanmar,577,0.0019240212607217002,577,ultra_high,"[55.0, 1790.6000000000006, 17986.600000000002, 64048.19999999999, 215652.4000000001, 14378014.0]"
 capital of Nepal,914,0.003047756381801792,914,ultra_high,"[55.0, 1790.6000000000006, 17986.600000000002, 64048.19999999999, 215652.4000000001, 14378014.0]"
 capital of Netherlands,61,0.00020340606049224213,61,ultra_high,"[55.0, 1790.6000000000006, 17986.600000000002, 64048.19999999999, 215652.4000000001, 14378014.0]"
 capital of Niger,332,0.0011070624931708917,332,ultra_high,"[55.0, 1790.6000000000006, 17986.600000000002, 64048.19999999999, 215652.4000000001, 14378014.0]"
 capital of Nigeria,812,0.0027076347724541085,812,ultra_high,"[55.0, 1790.6000000000006, 17986.600000000002, 64048.19999999999, 215652.4000000001, 14378014.0]"
 capital of Norway,1206,0.004021437851699082,1206,ultra_high,"[55.0, 1790.6000000000006, 17986.600000000002, 64048.19999999999, 215652.4000000001, 14378014.0]"
 capital of Pakistan,1887,0.006292249772932146,1887,very_high,"[55.0, 1790.6000000000006, 17986.600000000002, 64048.19999999999, 215652.4000000001, 14378014.0]"
 capital of Panama,136,0.00045349547913024475,136,ultra_high,"[55.0, 1790.6000000000006, 17986.600000000002, 64048.19999999999, 215652.4000000001, 14378014.0]"
 capital of Peru,1167,0.003891391354007321,1167,ultra_high,"[55.0, 1790.6000000000006, 17986.600000000002, 64048.19999999999, 215652.4000000001, 14378014.0]"
 capital of Philippines,66,0.0002200786884014423,66,ultra_high,"[55.0, 1790.6000000000006, 17986.600000000002, 64048.19999999999, 215652.4000000001, 14378014.0]"
 capital of Poland,1330,0.004434919023847247,1330,ultra_high,"[55.0, 1790.6000000000006, 17986.600000000002, 64048.19999999999, 215652.4000000001, 14378014.0]"
 capital of Portugal,942,0.003141123098093313,942,ultra_high,"[55.0, 1790.6000000000006, 17986.600000000002, 64048.19999999999, 215652.4000000001, 14378014.0]"
 capital of Qatar,680,0.002267477395651224,680,ultra_high,"[55.0, 1790.6000000000006, 17986.600000000002, 64048.19999999999, 215652.4000000001, 14378014.0]"
 capital of Romania,595,0.001984042721194821,595,ultra_high,"[55.0, 1790.6000000000006, 17986.600000000002, 64048.19999999999, 215652.4000000001, 14378014.0]"
 capital of Russia,2244,0.007482675405649039,2244,very_high,"[55.0, 1790.6000000000006, 17986.600000000002, 64048.19999999999, 215652.4000000001, 14378014.0]"
 capital of Serbia,1160,0.003868049674934441,1160,ultra_high,"[55.0, 1790.6000000000006, 17986.600000000002, 64048.19999999999, 215652.4000000001, 14378014.0]"
 capital of Singapore,55,0.00018339890700120194,55,ultra_high,"[55.0, 1790.6000000000006, 17986.600000000002, 64048.19999999999, 215652.4000000001, 14378014.0]"
 capital of Somalia,470,0.0015672270234648165,470,ultra_high,"[55.0, 1790.6000000000006, 17986.600000000002, 64048.19999999999, 215652.4000000001, 14378014.0]"
 capital of Spain,1850,0.006168872326404065,1850,very_high,"[55.0, 1790.6000000000006, 17986.600000000002, 64048.19999999999, 215652.4000000001, 14378014.0]"
 capital of Sudan,481,0.001603906804865057,481,ultra_high,"[55.0, 1790.6000000000006, 17986.600000000002, 64048.19999999999, 215652.4000000001, 14378014.0]"
 capital of Sweden,886,0.002954389665510271,886,ultra_high,"[55.0, 1790.6000000000006, 17986.600000000002, 64048.19999999999, 215652.4000000001, 14378014.0]"
 capital of Switzerland,580,0.0019340248374672205,580,ultra_high,"[55.0, 1790.6000000000006, 17986.600000000002, 64048.19999999999, 215652.4000000001, 14378014.0]"
 capital of Syria,1037,0.0034579030283681165,1037,ultra_high,"[55.0, 1790.6000000000006, 17986.600000000002, 64048.19999999999, 215652.4000000001, 14378014.0]"
 capital of Taiwan,551,0.0018373235955938593,551,ultra_high,"[55.0, 1790.6000000000006, 17986.600000000002, 64048.19999999999, 215652.4000000001, 14378014.0]"
 capital of Tanzania,305,0.0010170303024612105,305,ultra_high,"[55.0, 1790.6000000000006, 17986.600000000002, 64048.19999999999, 215652.4000000001, 14378014.0]"
 capital of Thailand,1224,0.004081459312172203,1224,ultra_high,"[55.0, 1790.6000000000006, 17986.600000000002, 64048.19999999999, 215652.4000000001, 14378014.0]"
 capital of Turkey,1031,0.003437895874877076,1031,ultra_high,"[55.0, 1790.6000000000006, 17986.600000000002, 64048.19999999999, 215652.4000000001, 14378014.0]"
 capital of Uganda,709,0.002364178637524585,709,ultra_high,"[55.0, 1790.6000000000006, 17986.600000000002, 64048.19999999999, 215652.4000000001, 14378014.0]"
 capital of Ukraine,1751,0.005838754293801901,1751,ultra_high,"[55.0, 1790.6000000000006, 17986.600000000002, 64048.19999999999, 215652.4000000001, 14378014.0]"
 capital of Venezuela,508,0.0016939389955747378,508,ultra_high,"[55.0, 1790.6000000000006, 17986.600000000002, 64048.19999999999, 215652.4000000001, 14378014.0]"
 capital of Vietnam,1400,0.004668335814576049,1400,ultra_high,"[55.0, 1790.6000000000006, 17986.600000000002, 64048.19999999999, 215652.4000000001, 14378014.0]"
 capital of Yemen,1024,0.003414554195804196,1024,ultra_high,"[55.0, 1790.6000000000006, 17986.600000000002, 64048.19999999999, 215652.4000000001, 14378014.0]"
 capital of Zimbabwe,353,0.0011770875303895323,353,ultra_high,"[55.0, 1790.6000000000006, 17986.600000000002, 64048.19999999999, 215652.4000000001, 14378014.0]"
 in Abuja,33176,0.110626220703125,33176,high,"[55.0, 1790.6000000000006, 17986.600000000002, 64048.19999999999, 215652.4000000001, 14378014.0]"
 in Accra,26847,0.08952200829565941,26847,high,"[55.0, 1790.6000000000006, 17986.600000000002, 64048.19999999999, 215652.4000000001, 14378014.0]"
 in Amman,34749,0.11587142944335938,34749,high,"[55.0, 1790.6000000000006, 17986.600000000002, 64048.19999999999, 215652.4000000001, 14378014.0]"
 in Amsterdam,224681,0.7492045422534009,224681,low,"[55.0, 1790.6000000000006, 17986.600000000002, 64048.19999999999, 215652.4000000001, 14378014.0]"
 in Ankara,61620,0.20547346635298294,61620,high,"[55.0, 1790.6000000000006, 17986.600000000002, 64048.19999999999, 215652.4000000001, 14378014.0]"
 in Apia,3231,0.010773852154925153,3231,very_high,"[55.0, 1790.6000000000006, 17986.600000000002, 64048.19999999999, 215652.4000000001, 14378014.0]"
 in Astana,11629,0.03877719799121777,11629,very_high,"[55.0, 1790.6000000000006, 17986.600000000002, 64048.19999999999, 215652.4000000001, 14378014.0]"
 in Athens,231044,0.7704221285306491,231044,low,"[55.0, 1790.6000000000006, 17986.600000000002, 64048.19999999999, 215652.4000000001, 14378014.0]"
 in Baghdad,207223,0.6909903946456375,207223,medium,"[55.0, 1790.6000000000006, 17986.600000000002, 64048.19999999999, 215652.4000000001, 14378014.0]"
 in Baku,33308,0.11106637807992789,33308,high,"[55.0, 1790.6000000000006, 17986.600000000002, 64048.19999999999, 215652.4000000001, 14378014.0]"
 in Bangkok,150214,0.5008924257505191,150214,medium,"[55.0, 1790.6000000000006, 17986.600000000002, 64048.19999999999, 215652.4000000001, 14378014.0]"
 in Beijing,442953,1.477038110052789,442953,low,"[55.0, 1790.6000000000006, 17986.600000000002, 64048.19999999999, 215652.4000000001, 14378014.0]"
 in Belgrade,65252,0.21758446326622596,65252,medium,"[55.0, 1790.6000000000006, 17986.600000000002, 64048.19999999999, 215652.4000000001, 14378014.0]"
 in Berlin,651757,2.1733003896433156,651757,low,"[55.0, 1790.6000000000006, 17986.600000000002, 64048.19999999999, 215652.4000000001, 14378014.0]"
 in Bern,42092,0.14035685079081073,42092,high,"[55.0, 1790.6000000000006, 17986.600000000002, 64048.19999999999, 215652.4000000001, 14378014.0]"
 in Brussels,311741,1.0395083394083944,311741,low,"[55.0, 1790.6000000000006, 17986.600000000002, 64048.19999999999, 215652.4000000001, 14378014.0]"
 in Bucharest,47087,0.15701280607210175,47087,high,"[55.0, 1790.6000000000006, 17986.600000000002, 64048.19999999999, 215652.4000000001, 14378014.0]"
 in Budapest,107102,0.3571343588662314,107102,medium,"[55.0, 1790.6000000000006, 17986.600000000002, 64048.19999999999, 215652.4000000001, 14378014.0]"
 in Buenos Aires,112075,0.3737169545847219,112075,medium,"[55.0, 1790.6000000000006, 17986.600000000002, 64048.19999999999, 215652.4000000001, 14378014.0]"
 in Cairo,231494,0.7719226650424771,231494,low,"[55.0, 1790.6000000000006, 17986.600000000002, 64048.19999999999, 215652.4000000001, 14378014.0]"
 in Castries,968,0.003227820763221154,968,ultra_high,"[55.0, 1790.6000000000006, 17986.600000000002, 64048.19999999999, 215652.4000000001, 14378014.0]"
 in Copenhagen,139847,0.46632339904358333,139847,medium,"[55.0, 1790.6000000000006, 17986.600000000002, 64048.19999999999, 215652.4000000001, 14378014.0]"
 in Dakar,20221,0.06742744179038736,20221,high,"[55.0, 1790.6000000000006, 17986.600000000002, 64048.19999999999, 215652.4000000001, 14378014.0]"
 in Damascus,108876,0.3630498072484157,108876,medium,"[55.0, 1790.6000000000006, 17986.600000000002, 64048.19999999999, 215652.4000000001, 14378014.0]"
 in Dhaka,47254,0.15756967184426904,47254,high,"[55.0, 1790.6000000000006, 17986.600000000002, 64048.19999999999, 215652.4000000001, 14378014.0]"
 in Dili,4591,0.015308806946227603,4591,very_high,"[55.0, 1790.6000000000006, 17986.600000000002, 64048.19999999999, 215652.4000000001, 14378014.0]"
 in Dodoma,1489,0.004965108591359812,1489,ultra_high,"[55.0, 1790.6000000000006, 17986.600000000002, 64048.19999999999, 215652.4000000001, 14378014.0]"
 in Doha,49050,0.16355847978925372,49050,high,"[55.0, 1790.6000000000006, 17986.600000000002, 64048.19999999999, 215652.4000000001, 14378014.0]"
 in Dublin,308619,1.0290979505418898,308619,low,"[55.0, 1790.6000000000006, 17986.600000000002, 64048.19999999999, 215652.4000000001, 14378014.0]"
 in Georgetown,41218,0.13744247543228258,41218,high,"[55.0, 1790.6000000000006, 17986.600000000002, 64048.19999999999, 215652.4000000001, 14378014.0]"
 in Guatemala City,10544,0.03515923773492133,10544,very_high,"[55.0, 1790.6000000000006, 17986.600000000002, 64048.19999999999, 215652.4000000001, 14378014.0]"
 in Hanoi,62078,0.2070006790694657,62078,high,"[55.0, 1790.6000000000006, 17986.600000000002, 64048.19999999999, 215652.4000000001, 14378014.0]"
 in Harare,24836,0.0828162773505791,24836,high,"[55.0, 1790.6000000000006, 17986.600000000002, 64048.19999999999, 215652.4000000001, 14378014.0]"
 in Havana,101433,0.33823093334278026,101433,medium,"[55.0, 1790.6000000000006, 17986.600000000002, 64048.19999999999, 215652.4000000001, 14378014.0]"
 in Helsinki,79266,0.2643145047701322,79266,medium,"[55.0, 1790.6000000000006, 17986.600000000002, 64048.19999999999, 215652.4000000001, 14378014.0]"
 in Islamabad,63155,0.2105919631211074,63155,high,"[55.0, 1790.6000000000006, 17986.600000000002, 64048.19999999999, 215652.4000000001, 14378014.0]"
 in Jakarta,72759,0.2426167468090991,72759,medium,"[55.0, 1790.6000000000006, 17986.600000000002, 64048.19999999999, 215652.4000000001, 14378014.0]"
 in Juba,12550,0.04184829605209244,12550,very_high,"[55.0, 1790.6000000000006, 17986.600000000002, 64048.19999999999, 215652.4000000001, 14378014.0]"
 in Kabul,117841,0.39294382908961156,117841,medium,"[55.0, 1790.6000000000006, 17986.600000000002, 64048.19999999999, 215652.4000000001, 14378014.0]"
 in Kampala,27628,0.09212627277507648,27628,high,"[55.0, 1790.6000000000006, 17986.600000000002, 64048.19999999999, 215652.4000000001, 14378014.0]"
 in Kingston,63887,0.21303283584701432,63887,high,"[55.0, 1790.6000000000006, 17986.600000000002, 64048.19999999999, 215652.4000000001, 14378014.0]"
 in Kingstown,988,0.0032945112748579545,988,ultra_high,"[55.0, 1790.6000000000006, 17986.600000000002, 64048.19999999999, 215652.4000000001, 14378014.0]"
 in Kuwait City,3919,0.013068005755231097,3919,very_high,"[55.0, 1790.6000000000006, 17986.600000000002, 64048.19999999999, 215652.4000000001, 14378014.0]"
 in Kyiv,30366,0.10125620381815449,30366,high,"[55.0, 1790.6000000000006, 17986.600000000002, 64048.19999999999, 215652.4000000001, 14378014.0]"
 in Lima,61795,0.20605700832980497,61795,high,"[55.0, 1790.6000000000006, 17986.600000000002, 64048.19999999999, 215652.4000000001, 14378014.0]"
 in Lisbon,79590,0.2653948910586484,79590,medium,"[55.0, 1790.6000000000006, 17986.600000000002, 64048.19999999999, 215652.4000000001, 14378014.0]"
 in London,3127053,10.427238224269626,3127053,low,"[55.0, 1790.6000000000006, 17986.600000000002, 64048.19999999999, 215652.4000000001, 14378014.0]"
 in Luanda,7357,0.024532104705597135,7357,very_high,"[55.0, 1790.6000000000006, 17986.600000000002, 64048.19999999999, 215652.4000000001, 14378014.0]"
 in Luxembourg,52166,0.17394886150226727,52166,high,"[55.0, 1790.6000000000006, 17986.600000000002, 64048.19999999999, 215652.4000000001, 14378014.0]"
 in Madrid,208690,0.695882143674197,208690,medium,"[55.0, 1790.6000000000006, 17986.600000000002, 64048.19999999999, 215652.4000000001, 14378014.0]"
 in Majuro,1145,0.00381803179120684,1145,ultra_high,"[55.0, 1790.6000000000006, 17986.600000000002, 64048.19999999999, 215652.4000000001, 14378014.0]"
 in Malabo,1565,0.005218532535579655,1565,ultra_high,"[55.0, 1790.6000000000006, 17986.600000000002, 64048.19999999999, 215652.4000000001, 14378014.0]"
 in Malé,1164,0.0038813877772618005,1164,ultra_high,"[55.0, 1790.6000000000006, 17986.600000000002, 64048.19999999999, 215652.4000000001, 14378014.0]"
 in Managua,10150,0.033845434655676354,10150,very_high,"[55.0, 1790.6000000000006, 17986.600000000002, 64048.19999999999, 215652.4000000001, 14378014.0]"
 in Manama,6182,0.020614037146935098,6182,very_high,"[55.0, 1790.6000000000006, 17986.600000000002, 64048.19999999999, 215652.4000000001, 14378014.0]"
 in Manila,105550,0.3519591751632157,105550,medium,"[55.0, 1790.6000000000006, 17986.600000000002, 64048.19999999999, 215652.4000000001, 14378014.0]"
 in Maputo,7813,0.02605264837091619,7813,very_high,"[55.0, 1790.6000000000006, 17986.600000000002, 64048.19999999999, 215652.4000000001, 14378014.0]"
 in Mexico City,207092,0.6905535717944166,207092,medium,"[55.0, 1790.6000000000006, 17986.600000000002, 64048.19999999999, 215652.4000000001, 14378014.0]"
 in Monaco,40526,0.13513498372964927,40526,high,"[55.0, 1790.6000000000006, 17986.600000000002, 64048.19999999999, 215652.4000000001, 14378014.0]"
 in Montevideo,17941,0.059824723463792064,17941,very_high,"[55.0, 1790.6000000000006, 17986.600000000002, 64048.19999999999, 215652.4000000001, 14378014.0]"
 in Moroni,1095,0.003651305512114838,1095,ultra_high,"[55.0, 1790.6000000000006, 17986.600000000002, 64048.19999999999, 215652.4000000001, 14378014.0]"
 in Moscow,524339,1.748421809056422,524339,low,"[55.0, 1790.6000000000006, 17986.600000000002, 64048.19999999999, 215652.4000000001, 14378014.0]"
 in Muscat,11763,0.03922402441918433,11763,very_high,"[55.0, 1790.6000000000006, 17986.600000000002, 64048.19999999999, 215652.4000000001, 14378014.0]"
 in Nassau,30516,0.10175638265543051,30516,high,"[55.0, 1790.6000000000006, 17986.600000000002, 64048.19999999999, 215652.4000000001, 14378014.0]"
 in New Delhi,145036,0.48362625228775136,145036,medium,"[55.0, 1790.6000000000006, 17986.600000000002, 64048.19999999999, 215652.4000000001, 14378014.0]"
 in Oslo,84703,0.28244432035859646,84703,medium,"[55.0, 1790.6000000000006, 17986.600000000002, 64048.19999999999, 215652.4000000001, 14378014.0]"
 in Ottawa,203019,0.6769720490995821,203019,medium,"[55.0, 1790.6000000000006, 17986.600000000002, 64048.19999999999, 215652.4000000001, 14378014.0]"
 in Panama City,23586,0.07864812037327908,23586,high,"[55.0, 1790.6000000000006, 17986.600000000002, 64048.19999999999, 215652.4000000001, 14378014.0]"
 in Paris,1658818,5.531371056616723,1658818,low,"[55.0, 1790.6000000000006, 17986.600000000002, 64048.19999999999, 215652.4000000001, 14378014.0]"
 in Port Louis,1484,0.004948435963450612,1484,ultra_high,"[55.0, 1790.6000000000006, 17986.600000000002, 64048.19999999999, 215652.4000000001, 14378014.0]"
 in Prague,164063,0.5470722705334217,164063,medium,"[55.0, 1790.6000000000006, 17986.600000000002, 64048.19999999999, 215652.4000000001, 14378014.0]"
 in Praia,4464,0.014885322197333916,4464,very_high,"[55.0, 1790.6000000000006, 17986.600000000002, 64048.19999999999, 215652.4000000001, 14378014.0]"
 in Pretoria,36402,0.12138340023014096,36402,high,"[55.0, 1790.6000000000006, 17986.600000000002, 64048.19999999999, 215652.4000000001, 14378014.0]"
 in Rabat,11472,0.03825367747486889,11472,very_high,"[55.0, 1790.6000000000006, 17986.600000000002, 64048.19999999999, 215652.4000000001, 14378014.0]"
 in Riga,26562,0.088571668504835,26562,high,"[55.0, 1790.6000000000006, 17986.600000000002, 64048.19999999999, 215652.4000000001, 14378014.0]"
 in Rome,701270,2.3384027547769612,701270,low,"[55.0, 1790.6000000000006, 17986.600000000002, 64048.19999999999, 215652.4000000001, 14378014.0]"
 in Roseau,1887,0.006292249772932146,1887,very_high,"[55.0, 1790.6000000000006, 17986.600000000002, 64048.19999999999, 215652.4000000001, 14378014.0]"
 in San José,9665,0.03222818974848394,9665,very_high,"[55.0, 1790.6000000000006, 17986.600000000002, 64048.19999999999, 215652.4000000001, 14378014.0]"
 in San Salvador,7643,0.02548577902200339,7643,very_high,"[55.0, 1790.6000000000006, 17986.600000000002, 64048.19999999999, 215652.4000000001, 14378014.0]"
 in Santiago,61720,0.20580691891116695,61720,high,"[55.0, 1790.6000000000006, 17986.600000000002, 64048.19999999999, 215652.4000000001, 14378014.0]"
 in Seoul,170116,0.5672561538802994,170116,medium,"[55.0, 1790.6000000000006, 17986.600000000002, 64048.19999999999, 215652.4000000001, 14378014.0]"
 in Singapore,516521,1.7223524880575969,516521,low,"[55.0, 1790.6000000000006, 17986.600000000002, 64048.19999999999, 215652.4000000001, 14378014.0]"
 in Sofia,30731,0.10247330565552612,30731,high,"[55.0, 1790.6000000000006, 17986.600000000002, 64048.19999999999, 215652.4000000001, 14378014.0]"
 in Stockholm,156173,0.5207628636927037,156173,medium,"[55.0, 1790.6000000000006, 17986.600000000002, 64048.19999999999, 215652.4000000001, 14378014.0]"
 in Suva,6588,0.021967854533162152,6588,very_high,"[55.0, 1790.6000000000006, 17986.600000000002, 64048.19999999999, 215652.4000000001, 14378014.0]"
 in Taipei,56008,0.1867601087876967,56008,high,"[55.0, 1790.6000000000006, 17986.600000000002, 64048.19999999999, 215652.4000000001, 14378014.0]"
 in Tallinn,22666,0.07558035683798624,22666,high,"[55.0, 1790.6000000000006, 17986.600000000002, 64048.19999999999, 215652.4000000001, 14378014.0]"
 in Tarawa,650,0.0021674416281960225,650,ultra_high,"[55.0, 1790.6000000000006, 17986.600000000002, 64048.19999999999, 215652.4000000001, 14378014.0]"
 in Tehran,177704,0.5925585339953016,177704,medium,"[55.0, 1790.6000000000006, 17986.600000000002, 64048.19999999999, 215652.4000000001, 14378014.0]"
 in Tirana,12140,0.04048114056353802,12140,very_high,"[55.0, 1790.6000000000006, 17986.600000000002, 64048.19999999999, 215652.4000000001, 14378014.0]"
 in Tokyo,378953,1.2636284728150267,378953,low,"[55.0, 1790.6000000000006, 17986.600000000002, 64048.19999999999, 215652.4000000001, 14378014.0]"
 in Tunis,31158,0.10389714807897181,31158,high,"[55.0, 1790.6000000000006, 17986.600000000002, 64048.19999999999, 215652.4000000001, 14378014.0]"
 in Vatican City,8204,0.027356447873415648,8204,very_high,"[55.0, 1790.6000000000006, 17986.600000000002, 64048.19999999999, 215652.4000000001, 14378014.0]"
 in Victoria,196759,0.6560979189572634,196759,medium,"[55.0, 1790.6000000000006, 17986.600000000002, 64048.19999999999, 215652.4000000001, 14378014.0]"
 in Vienna,289773,0.9662554814265325,289773,low,"[55.0, 1790.6000000000006, 17986.600000000002, 64048.19999999999, 215652.4000000001, 14378014.0]"
 in Warsaw,121439,0.404941452133072,121439,medium,"[55.0, 1790.6000000000006, 17986.600000000002, 64048.19999999999, 215652.4000000001, 14378014.0]"
 in Washington,2608860,8.699310409439192,2608860,low,"[55.0, 1790.6000000000006, 17986.600000000002, 64048.19999999999, 215652.4000000001, 14378014.0]"
 in Wellington,70532,0.23519075833834135,70532,medium,"[55.0, 1790.6000000000006, 17986.600000000002, 64048.19999999999, 215652.4000000001, 14378014.0]"
 in Yaren,95,0.0003167799302748033,95,ultra_high,"[55.0, 1790.6000000000006, 17986.600000000002, 64048.19999999999, 215652.4000000001, 14378014.0]"
 in Zagreb,34398,0.11470101096413352,34398,high,"[55.0, 1790.6000000000006, 17986.600000000002, 64048.19999999999, 215652.4000000001, 14378014.0]"
