condition,layer,n_ablated,ablate_layers,dataset,frequency_auroc,frequency_auroc_std,frequency_accuracy,semantic_auroc,semantic_auroc_std,semantic_accuracy,cosine_dist,euclidean_dist
clean,0,0,"4,5",emotion,0.9368620037807183,0.021205752230442607,0.8478260869565218,0.8227409195336828,0.039934640489146495,0.4945652173913043,0.09537009705524635,2.98159122467041
clean,1,0,"4,5",emotion,0.9368620037807183,0.025519148628636995,0.8652173913043478,0.8452877874136098,0.06160905932978463,0.5108695652173914,0.04335296901742525,2.777412176132202
clean,2,0,"4,5",emotion,0.9311909262759925,0.03271140778271946,0.8565217391304347,0.8549900734316853,0.051387740838431485,0.5108695652173914,0.0667870362695352,3.3058395385742188
clean,3,0,"4,5",emotion,0.9565217391304348,0.020005680991036636,0.8956521739130434,0.8633922638034479,0.05847759119292612,0.5434782608695652,0.02029962595076429,2.3495118618011475
clean,4,0,"4,5",emotion,0.9243856332703213,0.016865563722643074,0.8260869565217392,0.8589628961133895,0.04761991561380031,0.5217391304347826,0.016828124522985766,2.225947618484497
clean,5,0,"4,5",emotion,0.9085066162570887,0.01873650161567316,0.8434782608695652,0.8749576949001292,0.03951755078496528,0.5434782608695652,0.00035848452848097345,2.9906599521636963
affinity_5pct,0,204,"4,5",emotion,0.9368620037807183,0.021205752230442607,0.8478260869565218,0.8227409195336828,0.039934640489146495,0.4945652173913043,0.09537009705524635,2.98159122467041
affinity_5pct,1,204,"4,5",emotion,0.9368620037807183,0.025519148628636995,0.8652173913043478,0.8452877874136098,0.06160905932978463,0.5108695652173914,0.04335296901742525,2.777412176132202
affinity_5pct,2,204,"4,5",emotion,0.9311909262759925,0.03271140778271946,0.8565217391304347,0.8549900734316853,0.051387740838431485,0.5108695652173914,0.0667870362695352,3.3058395385742188
affinity_5pct,3,204,"4,5",emotion,0.9565217391304348,0.020005680991036636,0.8956521739130434,0.8633922638034479,0.05847759119292612,0.5434782608695652,0.02029962595076429,2.3495118618011475
affinity_5pct,4,204,"4,5",emotion,0.9247637051039697,0.018652395287023095,0.8217391304347826,0.8592533357541582,0.04716520292288414,0.5217391304347826,0.01712227803157429,2.2190420627593994
affinity_5pct,5,204,"4,5",emotion,0.9107750472589793,0.013388227757751038,0.8565217391304347,0.877037557197919,0.04180688085436333,0.5543478260869565,0.00035281124471009395,3.0567216873168945
coverage_5pct,0,204,"4,5",emotion,0.9368620037807183,0.021205752230442607,0.8478260869565218,0.8227409195336828,0.039934640489146495,0.4945652173913043,0.09537009705524635,2.98159122467041
coverage_5pct,1,204,"4,5",emotion,0.9368620037807183,0.025519148628636995,0.8652173913043478,0.8452877874136098,0.06160905932978463,0.5108695652173914,0.04335296901742525,2.777412176132202
coverage_5pct,2,204,"4,5",emotion,0.9311909262759925,0.03271140778271946,0.8565217391304347,0.8549900734316853,0.051387740838431485,0.5108695652173914,0.0667870362695352,3.3058395385742188
coverage_5pct,3,204,"4,5",emotion,0.9565217391304348,0.020005680991036636,0.8956521739130434,0.8633922638034479,0.05847759119292612,0.5434782608695652,0.02029962595076429,2.3495118618011475
coverage_5pct,4,204,"4,5",emotion,0.9281663516068053,0.014246838322432325,0.8347826086956521,0.8657884056732741,0.045864539591125984,0.5543478260869565,0.01283293876694458,2.2580389976501465
coverage_5pct,5,204,"4,5",emotion,0.9043478260869566,0.018583297886494543,0.8304347826086957,0.8757348805251766,0.04211708887477617,0.5271739130434783,0.0012434577490039178,3.003845691680908
mass_5pct,0,204,"4,5",emotion,0.9368620037807183,0.021205752230442607,0.8478260869565218,0.8227409195336828,0.039934640489146495,0.4945652173913043,0.09537009705524635,2.98159122467041
mass_5pct,1,204,"4,5",emotion,0.9368620037807183,0.025519148628636995,0.8652173913043478,0.8452877874136098,0.06160905932978463,0.5108695652173914,0.04335296901742525,2.777412176132202
mass_5pct,2,204,"4,5",emotion,0.9311909262759925,0.03271140778271946,0.8565217391304347,0.8549900734316853,0.051387740838431485,0.5108695652173914,0.0667870362695352,3.3058395385742188
mass_5pct,3,204,"4,5",emotion,0.9565217391304348,0.020005680991036636,0.8956521739130434,0.8633922638034479,0.05847759119292612,0.5434782608695652,0.02029962595076429,2.3495118618011475
mass_5pct,4,204,"4,5",emotion,0.920226843100189,0.015141765137618711,0.8478260869565217,0.8663144603934078,0.04995386504966942,0.5434782608695652,0.012453386150999779,2.2182884216308594
mass_5pct,5,204,"4,5",emotion,0.907750472589792,0.014662169701070173,0.8043478260869564,0.8904710580903015,0.04654666999325193,0.5706521739130435,0.001345410911789302,2.5683748722076416
random_5pct_seed0,0,204,"4,5",emotion,0.9368620037807183,0.021205752230442607,0.8478260869565218,0.8227409195336828,0.039934640489146495,0.4945652173913043,0.09537009705524635,2.98159122467041
random_5pct_seed0,1,204,"4,5",emotion,0.9368620037807183,0.025519148628636995,0.8652173913043478,0.8452877874136098,0.06160905932978463,0.5108695652173914,0.04335296901742525,2.777412176132202
random_5pct_seed0,2,204,"4,5",emotion,0.9311909262759925,0.03271140778271946,0.8565217391304347,0.8549900734316853,0.051387740838431485,0.5108695652173914,0.0667870362695352,3.3058395385742188
random_5pct_seed0,3,204,"4,5",emotion,0.9565217391304348,0.020005680991036636,0.8956521739130434,0.8633922638034479,0.05847759119292612,0.5434782608695652,0.02029962595076429,2.3495118618011475
random_5pct_seed0,4,204,"4,5",emotion,0.9247637051039698,0.018728871193195936,0.8304347826086957,0.8603821343130553,0.04606503932256552,0.532608695652174,0.016358933859651037,2.196209669113159
random_5pct_seed0,5,204,"4,5",emotion,0.9081285444234405,0.013345453757824432,0.8521739130434783,0.8840386062219944,0.037067241636377014,0.5706521739130435,0.00044031725378468334,2.6817471981048584
random_5pct_seed1,0,204,"4,5",emotion,0.9368620037807183,0.021205752230442607,0.8478260869565218,0.8227409195336828,0.039934640489146495,0.4945652173913043,0.09537009705524635,2.98159122467041
random_5pct_seed1,1,204,"4,5",emotion,0.9368620037807183,0.025519148628636995,0.8652173913043478,0.8452877874136098,0.06160905932978463,0.5108695652173914,0.04335296901742525,2.777412176132202
random_5pct_seed1,2,204,"4,5",emotion,0.9311909262759925,0.03271140778271946,0.8565217391304347,0.8549900734316853,0.051387740838431485,0.5108695652173914,0.0667870362695352,3.3058395385742188
random_5pct_seed1,3,204,"4,5",emotion,0.9565217391304348,0.020005680991036636,0.8956521739130434,0.8633922638034479,0.05847759119292612,0.5434782608695652,0.02029962595076429,2.3495118618011475
random_5pct_seed1,4,204,"4,5",emotion,0.9258979206049147,0.024425898382174842,0.826086956521739,0.8622513017866638,0.04560604988503276,0.532608695652174,0.015103773331942794,2.2141473293304443
random_5pct_seed1,5,204,"4,5",emotion,0.9156899810964083,0.01628783306505711,0.8565217391304347,0.8770541410344042,0.04026410648721974,0.5597826086956522,0.0003843517566036736,2.6933345794677734
random_5pct_seed2,0,204,"4,5",emotion,0.9368620037807183,0.021205752230442607,0.8478260869565218,0.8227409195336828,0.039934640489146495,0.4945652173913043,0.09537009705524635,2.98159122467041
random_5pct_seed2,1,204,"4,5",emotion,0.9368620037807183,0.025519148628636995,0.8652173913043478,0.8452877874136098,0.06160905932978463,0.5108695652173914,0.04335296901742525,2.777412176132202
random_5pct_seed2,2,204,"4,5",emotion,0.9311909262759925,0.03271140778271946,0.8565217391304347,0.8549900734316853,0.051387740838431485,0.5108695652173914,0.0667870362695352,3.3058395385742188
random_5pct_seed2,3,204,"4,5",emotion,0.9565217391304348,0.020005680991036636,0.8956521739130434,0.8633922638034479,0.05847759119292612,0.5434782608695652,0.02029962595076429,2.3495118618011475
random_5pct_seed2,4,204,"4,5",emotion,0.9255198487712665,0.024952741020793947,0.8260869565217392,0.8602575923710792,0.04606838288933501,0.5163043478260869,0.017063861597331753,2.191190242767334
random_5pct_seed2,5,204,"4,5",emotion,0.9122873345935728,0.023507435246442047,0.8521739130434781,0.8739432031784006,0.03891751819993146,0.5489130434782609,0.00038099367299126996,2.5493760108947754
random_5pct_seed3,0,204,"4,5",emotion,0.9368620037807183,0.021205752230442607,0.8478260869565218,0.8227409195336828,0.039934640489146495,0.4945652173913043,0.09537009705524635,2.98159122467041
random_5pct_seed3,1,204,"4,5",emotion,0.9368620037807183,0.025519148628636995,0.8652173913043478,0.8452877874136098,0.06160905932978463,0.5108695652173914,0.04335296901742525,2.777412176132202
random_5pct_seed3,2,204,"4,5",emotion,0.9311909262759925,0.03271140778271946,0.8565217391304347,0.8549900734316853,0.051387740838431485,0.5108695652173914,0.0667870362695352,3.3058395385742188
random_5pct_seed3,3,204,"4,5",emotion,0.9565217391304348,0.020005680991036636,0.8956521739130434,0.8633922638034479,0.05847759119292612,0.5434782608695652,0.02029962595076429,2.3495118618011475
random_5pct_seed3,4,204,"4,5",emotion,0.9213610586011344,0.019151493598357557,0.8173913043478261,0.854392550979722,0.04787238656310712,0.5108695652173914,0.01602767816033923,2.205101490020752
random_5pct_seed3,5,204,"4,5",emotion,0.9085066162570887,0.011442530019222364,0.8217391304347826,0.8662685952570821,0.03833949492423222,0.5652173913043479,0.0004604084866961511,2.8337175846099854
random_5pct_seed4,0,204,"4,5",emotion,0.9368620037807183,0.021205752230442607,0.8478260869565218,0.8227409195336828,0.039934640489146495,0.4945652173913043,0.09537009705524635,2.98159122467041
random_5pct_seed4,1,204,"4,5",emotion,0.9368620037807183,0.025519148628636995,0.8652173913043478,0.8452877874136098,0.06160905932978463,0.5108695652173914,0.04335296901742525,2.777412176132202
random_5pct_seed4,2,204,"4,5",emotion,0.9311909262759925,0.03271140778271946,0.8565217391304347,0.8549900734316853,0.051387740838431485,0.5108695652173914,0.0667870362695352,3.3058395385742188
random_5pct_seed4,3,204,"4,5",emotion,0.9565217391304348,0.020005680991036636,0.8956521739130434,0.8633922638034479,0.05847759119292612,0.5434782608695652,0.02029962595076429,2.3495118618011475
random_5pct_seed4,4,204,"4,5",emotion,0.9243856332703213,0.02014807197652058,0.8173913043478261,0.8610424320745045,0.047706791640064396,0.5434782608695652,0.01599481377882317,2.1951375007629395
random_5pct_seed4,5,204,"4,5",emotion,0.9221172022684309,0.011979568633463004,0.8434782608695652,0.8814837757271967,0.0382050809018247,0.5815217391304348,0.00035633239591603694,2.8113832473754883
affinity_10pct,0,408,"4,5",emotion,0.9368620037807183,0.021205752230442607,0.8478260869565218,0.8227409195336828,0.039934640489146495,0.4945652173913043,0.09537009705524635,2.98159122467041
affinity_10pct,1,408,"4,5",emotion,0.9368620037807183,0.025519148628636995,0.8652173913043478,0.8452877874136098,0.06160905932978463,0.5108695652173914,0.04335296901742525,2.777412176132202
affinity_10pct,2,408,"4,5",emotion,0.9311909262759925,0.03271140778271946,0.8565217391304347,0.8549900734316853,0.051387740838431485,0.5108695652173914,0.0667870362695352,3.3058395385742188
affinity_10pct,3,408,"4,5",emotion,0.9565217391304348,0.020005680991036636,0.8956521739130434,0.8633922638034479,0.05847759119292612,0.5434782608695652,0.02029962595076429,2.3495118618011475
affinity_10pct,4,408,"4,5",emotion,0.924007561436673,0.021830170182611807,0.8347826086956521,0.8589035028385357,0.04697094313767015,0.532608695652174,0.01764464538700672,2.225248098373413
affinity_10pct,5,408,"4,5",emotion,0.9122873345935728,0.015338724215577167,0.8565217391304347,0.8729213540479988,0.04089945686116183,0.5489130434782609,0.00036763152924879083,3.166600465774536
coverage_10pct,0,408,"4,5",emotion,0.9368620037807183,0.021205752230442607,0.8478260869565218,0.8227409195336828,0.039934640489146495,0.4945652173913043,0.09537009705524635,2.98159122467041
coverage_10pct,1,408,"4,5",emotion,0.9368620037807183,0.025519148628636995,0.8652173913043478,0.8452877874136098,0.06160905932978463,0.5108695652173914,0.04335296901742525,2.777412176132202
coverage_10pct,2,408,"4,5",emotion,0.9311909262759925,0.03271140778271946,0.8565217391304347,0.8549900734316853,0.051387740838431485,0.5108695652173914,0.0667870362695352,3.3058395385742188
coverage_10pct,3,408,"4,5",emotion,0.9565217391304348,0.020005680991036636,0.8956521739130434,0.8633922638034479,0.05847759119292612,0.5434782608695652,0.02029962595076429,2.3495118618011475
coverage_10pct,4,408,"4,5",emotion,0.924007561436673,0.014515201376523597,0.8565217391304347,0.8686123452570822,0.05293723751214131,0.5380434782608696,0.012617548697473557,2.3046491146087646
coverage_10pct,5,408,"4,5",emotion,0.91531190926276,0.014465880128324407,0.8478260869565217,0.8832472397850687,0.054427059830308586,0.5434782608695652,0.002176816257590586,2.57639479637146
mass_10pct,0,408,"4,5",emotion,0.9368620037807183,0.021205752230442607,0.8478260869565218,0.8227409195336828,0.039934640489146495,0.4945652173913043,0.09537009705524635,2.98159122467041
mass_10pct,1,408,"4,5",emotion,0.9368620037807183,0.025519148628636995,0.8652173913043478,0.8452877874136098,0.06160905932978463,0.5108695652173914,0.04335296901742525,2.777412176132202
mass_10pct,2,408,"4,5",emotion,0.9311909262759925,0.03271140778271946,0.8565217391304347,0.8549900734316853,0.051387740838431485,0.5108695652173914,0.0667870362695352,3.3058395385742188
mass_10pct,3,408,"4,5",emotion,0.9565217391304348,0.020005680991036636,0.8956521739130434,0.8633922638034479,0.05847759119292612,0.5434782608695652,0.02029962595076429,2.3495118618011475
mass_10pct,4,408,"4,5",emotion,0.9330812854442344,0.017184602158583778,0.8565217391304347,0.8721199305080884,0.04430879683112402,0.5380434782608695,0.012972773273148164,2.2422406673431396
mass_10pct,5,408,"4,5",emotion,0.9232514177693762,0.011125851772825804,0.8434782608695652,0.872476023154477,0.04690405649800378,0.5271739130434783,0.0023004171055147626,2.6642606258392334
random_10pct_seed0,0,408,"4,5",emotion,0.9368620037807183,0.021205752230442607,0.8478260869565218,0.8227409195336828,0.039934640489146495,0.4945652173913043,0.09537009705524635,2.98159122467041
random_10pct_seed0,1,408,"4,5",emotion,0.9368620037807183,0.025519148628636995,0.8652173913043478,0.8452877874136098,0.06160905932978463,0.5108695652173914,0.04335296901742525,2.777412176132202
random_10pct_seed0,2,408,"4,5",emotion,0.9311909262759925,0.03271140778271946,0.8565217391304347,0.8549900734316853,0.051387740838431485,0.5108695652173914,0.0667870362695352,3.3058395385742188
random_10pct_seed0,3,408,"4,5",emotion,0.9565217391304348,0.020005680991036636,0.8956521739130434,0.8633922638034479,0.05847759119292612,0.5434782608695652,0.02029962595076429,2.3495118618011475
random_10pct_seed0,4,408,"4,5",emotion,0.9319470699432892,0.023213733736119065,0.8434782608695652,0.860484871031746,0.050221911037250225,0.5543478260869565,0.017751829176148815,2.2194504737854004
random_10pct_seed0,5,408,"4,5",emotion,0.9096408317580339,0.01918132460335097,0.8304347826086957,0.8818471071143769,0.049640247107093506,0.5815217391304348,0.0005366041458786386,2.9015913009643555
random_10pct_seed1,0,408,"4,5",emotion,0.9368620037807183,0.021205752230442607,0.8478260869565218,0.8227409195336828,0.039934640489146495,0.4945652173913043,0.09537009705524635,2.98159122467041
random_10pct_seed1,1,408,"4,5",emotion,0.9368620037807183,0.025519148628636995,0.8652173913043478,0.8452877874136098,0.06160905932978463,0.5108695652173914,0.04335296901742525,2.777412176132202
random_10pct_seed1,2,408,"4,5",emotion,0.9311909262759925,0.03271140778271946,0.8565217391304347,0.8549900734316853,0.051387740838431485,0.5108695652173914,0.0667870362695352,3.3058395385742188
random_10pct_seed1,3,408,"4,5",emotion,0.9565217391304348,0.020005680991036636,0.8956521739130434,0.8633922638034479,0.05847759119292612,0.5434782608695652,0.02029962595076429,2.3495118618011475
random_10pct_seed1,4,408,"4,5",emotion,0.9364839319470699,0.02582537823506701,0.8434782608695652,0.8608788780663781,0.048275086807444585,0.5489130434782609,0.014567678330286493,2.1942365169525146
random_10pct_seed1,5,408,"4,5",emotion,0.9179584120982988,0.011628398109058352,0.8521739130434783,0.8762670169742539,0.03614512951863243,0.5543478260869565,0.00043206155835628923,2.781583070755005
random_10pct_seed2,0,408,"4,5",emotion,0.9368620037807183,0.021205752230442607,0.8478260869565218,0.8227409195336828,0.039934640489146495,0.4945652173913043,0.09537009705524635,2.98159122467041
random_10pct_seed2,1,408,"4,5",emotion,0.9368620037807183,0.025519148628636995,0.8652173913043478,0.8452877874136098,0.06160905932978463,0.5108695652173914,0.04335296901742525,2.777412176132202
random_10pct_seed2,2,408,"4,5",emotion,0.9311909262759925,0.03271140778271946,0.8565217391304347,0.8549900734316853,0.051387740838431485,0.5108695652173914,0.0667870362695352,3.3058395385742188
random_10pct_seed2,3,408,"4,5",emotion,0.9565217391304348,0.020005680991036636,0.8956521739130434,0.8633922638034479,0.05847759119292612,0.5434782608695652,0.02029962595076429,2.3495118618011475
random_10pct_seed2,4,408,"4,5",emotion,0.9247637051039697,0.033590996266527284,0.8347826086956521,0.8588223043403964,0.04943956768292893,0.5108695652173912,0.016816536640681834,2.251697540283203
random_10pct_seed2,5,408,"4,5",emotion,0.9194706994328923,0.034909770021894306,0.8521739130434781,0.8760107536834509,0.03576149191018014,0.5271739130434783,0.00041663624998411475,2.6895875930786133
random_10pct_seed3,0,408,"4,5",emotion,0.9368620037807183,0.021205752230442607,0.8478260869565218,0.8227409195336828,0.039934640489146495,0.4945652173913043,0.09537009705524635,2.98159122467041
random_10pct_seed3,1,408,"4,5",emotion,0.9368620037807183,0.025519148628636995,0.8652173913043478,0.8452877874136098,0.06160905932978463,0.5108695652173914,0.04335296901742525,2.777412176132202
random_10pct_seed3,2,408,"4,5",emotion,0.9311909262759925,0.03271140778271946,0.8565217391304347,0.8549900734316853,0.051387740838431485,0.5108695652173914,0.0667870362695352,3.3058395385742188
random_10pct_seed3,3,408,"4,5",emotion,0.9565217391304348,0.020005680991036636,0.8956521739130434,0.8633922638034479,0.05847759119292612,0.5434782608695652,0.02029962595076429,2.3495118618011475
random_10pct_seed3,4,408,"4,5",emotion,0.9232514177693762,0.020797387583327095,0.8304347826086957,0.8572540786150984,0.054938633616256456,0.5163043478260869,0.016345312819440738,2.195474147796631
random_10pct_seed3,5,408,"4,5",emotion,0.9160680529300567,0.008420059527909333,0.8347826086956521,0.8634362599206349,0.04775782364302822,0.5434782608695652,0.00048695624548855676,2.7654531002044678
random_10pct_seed4,0,408,"4,5",emotion,0.9368620037807183,0.021205752230442607,0.8478260869565218,0.8227409195336828,0.039934640489146495,0.4945652173913043,0.09537009705524635,2.98159122467041
random_10pct_seed4,1,408,"4,5",emotion,0.9368620037807183,0.025519148628636995,0.8652173913043478,0.8452877874136098,0.06160905932978463,0.5108695652173914,0.04335296901742525,2.777412176132202
random_10pct_seed4,2,408,"4,5",emotion,0.9311909262759925,0.03271140778271946,0.8565217391304347,0.8549900734316853,0.051387740838431485,0.5108695652173914,0.0667870362695352,3.3058395385742188
random_10pct_seed4,3,408,"4,5",emotion,0.9565217391304348,0.020005680991036636,0.8956521739130434,0.8633922638034479,0.05847759119292612,0.5434782608695652,0.02029962595076429,2.3495118618011475
random_10pct_seed4,4,408,"4,5",emotion,0.9247637051039698,0.01658352529259834,0.8304347826086957,0.863066045796309,0.047525515434094924,0.5489130434782609,0.015863924298779253,2.212939739227295
random_10pct_seed4,5,408,"4,5",emotion,0.9221172022684311,0.01078664848218309,0.8478260869565218,0.8831215408312447,0.03569909472431002,0.5978260869565217,0.000375534252721188,2.811127185821533
clean,0,0,"4,5",medical,0.9867768595041323,0.011210462782025284,0.9181818181818182,0.788888888888889,0.0,0.5,0.07280524581874381,2.304213762283325
clean,1,0,"4,5",medical,0.9867768595041323,0.009917355371900844,0.9,0.8908730158730158,0.0,0.5454545454545454,0.048459204720285975,2.753159999847412
clean,2,0,"4,5",medical,0.9570247933884298,0.021803150344252717,0.9,0.9297619047619047,0.0,0.6363636363636364,0.07263650482406792,3.278982162475586
clean,3,0,"4,5",medical,0.9603305785123967,0.028341203635507833,0.9090909090909092,0.9377976190476192,0.0,0.6363636363636364,0.018777869038331896,2.458585262298584
clean,4,0,"4,5",medical,0.8826446280991735,0.053915723736529246,0.8181818181818181,0.9095238095238096,0.0,0.5454545454545454,0.019877915722107287,2.542412042617798
clean,5,0,"4,5",medical,0.8809917355371899,0.03568104652053371,0.7909090909090908,0.9397817460317459,0.0,0.6363636363636364,0.0006157422146101377,2.9332399368286133
affinity_5pct,0,204,"4,5",medical,0.9867768595041323,0.011210462782025284,0.9181818181818182,0.788888888888889,0.0,0.5,0.07280524581874381,2.304213762283325
affinity_5pct,1,204,"4,5",medical,0.9867768595041323,0.009917355371900844,0.9,0.8908730158730158,0.0,0.5454545454545454,0.048459204720285975,2.753159999847412
affinity_5pct,2,204,"4,5",medical,0.9570247933884298,0.021803150344252717,0.9,0.9297619047619047,0.0,0.6363636363636364,0.07263650482406792,3.278982162475586
affinity_5pct,3,204,"4,5",medical,0.9603305785123967,0.028341203635507833,0.9090909090909092,0.9377976190476192,0.0,0.6363636363636364,0.018777869038331896,2.458585262298584
affinity_5pct,4,204,"4,5",medical,0.8892561983471076,0.050838203303238676,0.8272727272727274,0.9055555555555556,0.0,0.5454545454545454,0.019800668574646907,2.5380890369415283
affinity_5pct,5,204,"4,5",medical,0.890909090909091,0.031535180212130406,0.7818181818181819,0.9286706349206348,0.0,0.5909090909090909,0.0006067513891337972,2.883920907974243
coverage_5pct,0,204,"4,5",medical,0.9867768595041323,0.011210462782025284,0.9181818181818182,0.788888888888889,0.0,0.5,0.07280524581874381,2.304213762283325
coverage_5pct,1,204,"4,5",medical,0.9867768595041323,0.009917355371900844,0.9,0.8908730158730158,0.0,0.5454545454545454,0.048459204720285975,2.753159999847412
coverage_5pct,2,204,"4,5",medical,0.9570247933884298,0.021803150344252717,0.9,0.9297619047619047,0.0,0.6363636363636364,0.07263650482406792,3.278982162475586
coverage_5pct,3,204,"4,5",medical,0.9603305785123967,0.028341203635507833,0.9090909090909092,0.9377976190476192,0.0,0.6363636363636364,0.018777869038331896,2.458585262298584
coverage_5pct,4,204,"4,5",medical,0.890909090909091,0.051849213690440064,0.8,0.9083333333333333,0.0,0.5454545454545454,0.016012258709245386,2.629718542098999
coverage_5pct,5,204,"4,5",medical,0.887603305785124,0.0576383331377279,0.8,0.8967261904761905,0.0,0.45454545454545453,0.0019867979432387495,3.0107555389404297
mass_5pct,0,204,"4,5",medical,0.9867768595041323,0.011210462782025284,0.9181818181818182,0.788888888888889,0.0,0.5,0.07280524581874381,2.304213762283325
mass_5pct,1,204,"4,5",medical,0.9867768595041323,0.009917355371900844,0.9,0.8908730158730158,0.0,0.5454545454545454,0.048459204720285975,2.753159999847412
mass_5pct,2,204,"4,5",medical,0.9570247933884298,0.021803150344252717,0.9,0.9297619047619047,0.0,0.6363636363636364,0.07263650482406792,3.278982162475586
mass_5pct,3,204,"4,5",medical,0.9603305785123967,0.028341203635507833,0.9090909090909092,0.9377976190476192,0.0,0.6363636363636364,0.018777869038331896,2.458585262298584
mass_5pct,4,204,"4,5",medical,0.9024793388429752,0.04291158672974271,0.8181818181818181,0.8865079365079364,0.0,0.5909090909090909,0.01759818601418217,2.658233165740967
mass_5pct,5,204,"4,5",medical,0.8694214876033058,0.04354360288370079,0.8181818181818181,0.9047619047619048,0.0,0.5454545454545454,0.0024083661559796132,2.9669785499572754
random_5pct_seed0,0,204,"4,5",medical,0.9867768595041323,0.011210462782025284,0.9181818181818182,0.788888888888889,0.0,0.5,0.07280524581874381,2.304213762283325
random_5pct_seed0,1,204,"4,5",medical,0.9867768595041323,0.009917355371900844,0.9,0.8908730158730158,0.0,0.5454545454545454,0.048459204720285975,2.753159999847412
random_5pct_seed0,2,204,"4,5",medical,0.9570247933884298,0.021803150344252717,0.9,0.9297619047619047,0.0,0.6363636363636364,0.07263650482406792,3.278982162475586
random_5pct_seed0,3,204,"4,5",medical,0.9603305785123967,0.028341203635507833,0.9090909090909092,0.9377976190476192,0.0,0.6363636363636364,0.018777869038331896,2.458585262298584
random_5pct_seed0,4,204,"4,5",medical,0.8975206611570249,0.05371265060916332,0.8363636363636363,0.9075396825396824,0.0,0.6363636363636364,0.019019623962899135,2.534729242324829
random_5pct_seed0,5,204,"4,5",medical,0.8826446280991735,0.04161877127938566,0.8,0.9374007936507937,0.0,0.6363636363636364,0.0007230369791906277,2.9031548500061035
random_5pct_seed1,0,204,"4,5",medical,0.9867768595041323,0.011210462782025284,0.9181818181818182,0.788888888888889,0.0,0.5,0.07280524581874381,2.304213762283325
random_5pct_seed1,1,204,"4,5",medical,0.9867768595041323,0.009917355371900844,0.9,0.8908730158730158,0.0,0.5454545454545454,0.048459204720285975,2.753159999847412
random_5pct_seed1,2,204,"4,5",medical,0.9570247933884298,0.021803150344252717,0.9,0.9297619047619047,0.0,0.6363636363636364,0.07263650482406792,3.278982162475586
random_5pct_seed1,3,204,"4,5",medical,0.9603305785123967,0.028341203635507833,0.9090909090909092,0.9377976190476192,0.0,0.6363636363636364,0.018777869038331896,2.458585262298584
random_5pct_seed1,4,204,"4,5",medical,0.9008264462809917,0.04310216466249683,0.8,0.9035714285714286,0.0,0.5,0.019509940477014376,2.5906481742858887
random_5pct_seed1,5,204,"4,5",medical,0.8743801652892561,0.04259206190652934,0.7818181818181819,0.9192460317460317,0.0,0.5909090909090909,0.0007090111164941293,2.933119773864746
random_5pct_seed2,0,204,"4,5",medical,0.9867768595041323,0.011210462782025284,0.9181818181818182,0.788888888888889,0.0,0.5,0.07280524581874381,2.304213762283325
random_5pct_seed2,1,204,"4,5",medical,0.9867768595041323,0.009917355371900844,0.9,0.8908730158730158,0.0,0.5454545454545454,0.048459204720285975,2.753159999847412
random_5pct_seed2,2,204,"4,5",medical,0.9570247933884298,0.021803150344252717,0.9,0.9297619047619047,0.0,0.6363636363636364,0.07263650482406792,3.278982162475586
random_5pct_seed2,3,204,"4,5",medical,0.9603305785123967,0.028341203635507833,0.9090909090909092,0.9377976190476192,0.0,0.6363636363636364,0.018777869038331896,2.458585262298584
random_5pct_seed2,4,204,"4,5",medical,0.8909090909090909,0.0549198271928468,0.8090909090909092,0.905952380952381,0.0,0.5909090909090909,0.020731787839655347,2.541348934173584
random_5pct_seed2,5,204,"4,5",medical,0.8892561983471075,0.03826722943071147,0.8,0.9247023809523809,0.0,0.6363636363636364,0.0006547311584760296,2.991105318069458
random_5pct_seed3,0,204,"4,5",medical,0.9867768595041323,0.011210462782025284,0.9181818181818182,0.788888888888889,0.0,0.5,0.07280524581874381,2.304213762283325
random_5pct_seed3,1,204,"4,5",medical,0.9867768595041323,0.009917355371900844,0.9,0.8908730158730158,0.0,0.5454545454545454,0.048459204720285975,2.753159999847412
random_5pct_seed3,2,204,"4,5",medical,0.9570247933884298,0.021803150344252717,0.9,0.9297619047619047,0.0,0.6363636363636364,0.07263650482406792,3.278982162475586
random_5pct_seed3,3,204,"4,5",medical,0.9603305785123967,0.028341203635507833,0.9090909090909092,0.9377976190476192,0.0,0.6363636363636364,0.018777869038331896,2.458585262298584
random_5pct_seed3,4,204,"4,5",medical,0.8909090909090909,0.044166575920288845,0.8,0.9055555555555557,0.0,0.5,0.01967026418117912,2.560584783554077
random_5pct_seed3,5,204,"4,5",medical,0.9041322314049587,0.0460442587675508,0.8272727272727274,0.9353174603174603,0.0,0.5454545454545454,0.0007519067730157314,2.892887592315674
random_5pct_seed4,0,204,"4,5",medical,0.9867768595041323,0.011210462782025284,0.9181818181818182,0.788888888888889,0.0,0.5,0.07280524581874381,2.304213762283325
random_5pct_seed4,1,204,"4,5",medical,0.9867768595041323,0.009917355371900844,0.9,0.8908730158730158,0.0,0.5454545454545454,0.048459204720285975,2.753159999847412
random_5pct_seed4,2,204,"4,5",medical,0.9570247933884298,0.021803150344252717,0.9,0.9297619047619047,0.0,0.6363636363636364,0.07263650482406792,3.278982162475586
random_5pct_seed4,3,204,"4,5",medical,0.9603305785123967,0.028341203635507833,0.9090909090909092,0.9377976190476192,0.0,0.6363636363636364,0.018777869038331896,2.458585262298584
random_5pct_seed4,4,204,"4,5",medical,0.8925619834710743,0.03805244440734327,0.790909090909091,0.9242063492063491,0.0,0.6363636363636364,0.0195486874231926,2.5395188331604004
random_5pct_seed4,5,204,"4,5",medical,0.8859504132231404,0.041618771279385694,0.7818181818181819,0.948015873015873,0.0,0.7727272727272727,0.0006522578637619958,2.9469704627990723
affinity_10pct,0,408,"4,5",medical,0.9867768595041323,0.011210462782025284,0.9181818181818182,0.788888888888889,0.0,0.5,0.07280524581874381,2.304213762283325
affinity_10pct,1,408,"4,5",medical,0.9867768595041323,0.009917355371900844,0.9,0.8908730158730158,0.0,0.5454545454545454,0.048459204720285975,2.753159999847412
affinity_10pct,2,408,"4,5",medical,0.9570247933884298,0.021803150344252717,0.9,0.9297619047619047,0.0,0.6363636363636364,0.07263650482406792,3.278982162475586
affinity_10pct,3,408,"4,5",medical,0.9603305785123967,0.028341203635507833,0.9090909090909092,0.9377976190476192,0.0,0.6363636363636364,0.018777869038331896,2.458585262298584
affinity_10pct,4,408,"4,5",medical,0.8826446280991735,0.052633663894514585,0.8090909090909092,0.9055555555555556,0.0,0.5454545454545454,0.019733446982184377,2.5167253017425537
affinity_10pct,5,408,"4,5",medical,0.8859504132231406,0.045386876752879265,0.809090909090909,0.937797619047619,0.0,0.6818181818181818,0.0005945131754727662,2.8619096279144287
coverage_10pct,0,408,"4,5",medical,0.9867768595041323,0.011210462782025284,0.9181818181818182,0.788888888888889,0.0,0.5,0.07280524581874381,2.304213762283325
coverage_10pct,1,408,"4,5",medical,0.9867768595041323,0.009917355371900844,0.9,0.8908730158730158,0.0,0.5454545454545454,0.048459204720285975,2.753159999847412
coverage_10pct,2,408,"4,5",medical,0.9570247933884298,0.021803150344252717,0.9,0.9297619047619047,0.0,0.6363636363636364,0.07263650482406792,3.278982162475586
coverage_10pct,3,408,"4,5",medical,0.9603305785123967,0.028341203635507833,0.9090909090909092,0.9377976190476192,0.0,0.6363636363636364,0.018777869038331896,2.458585262298584
coverage_10pct,4,408,"4,5",medical,0.909090909090909,0.06050580237263841,0.8181818181818181,0.941765873015873,0.0,0.6363636363636364,0.015187388923220357,2.683236837387085
coverage_10pct,5,408,"4,5",medical,0.8975206611570249,0.050838203303238697,0.8090909090909092,0.9305555555555556,0.0,0.5454545454545454,0.003066415645731624,2.927165985107422
mass_10pct,0,408,"4,5",medical,0.9867768595041323,0.011210462782025284,0.9181818181818182,0.788888888888889,0.0,0.5,0.07280524581874381,2.304213762283325
mass_10pct,1,408,"4,5",medical,0.9867768595041323,0.009917355371900844,0.9,0.8908730158730158,0.0,0.5454545454545454,0.048459204720285975,2.753159999847412
mass_10pct,2,408,"4,5",medical,0.9570247933884298,0.021803150344252717,0.9,0.9297619047619047,0.0,0.6363636363636364,0.07263650482406792,3.278982162475586
mass_10pct,3,408,"4,5",medical,0.9603305785123967,0.028341203635507833,0.9090909090909092,0.9377976190476192,0.0,0.6363636363636364,0.018777869038331896,2.458585262298584
mass_10pct,4,408,"4,5",medical,0.9057851239669421,0.05644089612880619,0.8090909090909092,0.932142857142857,0.0,0.6818181818181818,0.015409889522750686,2.578707456588745
mass_10pct,5,408,"4,5",medical,0.9090909090909092,0.04931052525678118,0.8272727272727274,0.9182539682539682,0.0,0.5909090909090909,0.003456714501888225,3.083019733428955
random_10pct_seed0,0,408,"4,5",medical,0.9867768595041323,0.011210462782025284,0.9181818181818182,0.788888888888889,0.0,0.5,0.07280524581874381,2.304213762283325
random_10pct_seed0,1,408,"4,5",medical,0.9867768595041323,0.009917355371900844,0.9,0.8908730158730158,0.0,0.5454545454545454,0.048459204720285975,2.753159999847412
random_10pct_seed0,2,408,"4,5",medical,0.9570247933884298,0.021803150344252717,0.9,0.9297619047619047,0.0,0.6363636363636364,0.07263650482406792,3.278982162475586
random_10pct_seed0,3,408,"4,5",medical,0.9603305785123967,0.028341203635507833,0.9090909090909092,0.9377976190476192,0.0,0.6363636363636364,0.018777869038331896,2.458585262298584
random_10pct_seed0,4,408,"4,5",medical,0.8892561983471075,0.054218907328451964,0.8545454545454545,0.9242063492063493,0.0,0.5909090909090909,0.020358201211519655,2.5661895275115967
random_10pct_seed0,5,408,"4,5",medical,0.8644628099173554,0.040352249969367565,0.8090909090909092,0.9424603174603174,0.0,0.7272727272727273,0.0007807906685424193,2.8444766998291016
random_10pct_seed1,0,408,"4,5",medical,0.9867768595041323,0.011210462782025284,0.9181818181818182,0.788888888888889,0.0,0.5,0.07280524581874381,2.304213762283325
random_10pct_seed1,1,408,"4,5",medical,0.9867768595041323,0.009917355371900844,0.9,0.8908730158730158,0.0,0.5454545454545454,0.048459204720285975,2.753159999847412
random_10pct_seed1,2,408,"4,5",medical,0.9570247933884298,0.021803150344252717,0.9,0.9297619047619047,0.0,0.6363636363636364,0.07263650482406792,3.278982162475586
random_10pct_seed1,3,408,"4,5",medical,0.9603305785123967,0.028341203635507833,0.9090909090909092,0.9377976190476192,0.0,0.6363636363636364,0.018777869038331896,2.458585262298584
random_10pct_seed1,4,408,"4,5",medical,0.8925619834710744,0.05406752804560705,0.8,0.9111111111111112,0.0,0.5,0.018215587106017006,2.5523874759674072
random_10pct_seed1,5,408,"4,5",medical,0.887603305785124,0.04297520661157023,0.7909090909090908,0.9314484126984127,0.0,0.5909090909090909,0.0007708161594703888,2.8854751586914062
random_10pct_seed2,0,408,"4,5",medical,0.9867768595041323,0.011210462782025284,0.9181818181818182,0.788888888888889,0.0,0.5,0.07280524581874381,2.304213762283325
random_10pct_seed2,1,408,"4,5",medical,0.9867768595041323,0.009917355371900844,0.9,0.8908730158730158,0.0,0.5454545454545454,0.048459204720285975,2.753159999847412
random_10pct_seed2,2,408,"4,5",medical,0.9570247933884298,0.021803150344252717,0.9,0.9297619047619047,0.0,0.6363636363636364,0.07263650482406792,3.278982162475586
random_10pct_seed2,3,408,"4,5",medical,0.9603305785123967,0.028341203635507833,0.9090909090909092,0.9377976190476192,0.0,0.6363636363636364,0.018777869038331896,2.458585262298584
random_10pct_seed2,4,408,"4,5",medical,0.9041322314049587,0.037180898774221476,0.8090909090909092,0.9126984126984128,0.0,0.6363636363636364,0.017629657887021644,2.463115692138672
random_10pct_seed2,5,408,"4,5",medical,0.9140495867768597,0.03932356116816635,0.8363636363636363,0.9018849206349205,0.0,0.6818181818181818,0.0006703385010872198,2.989091634750366
random_10pct_seed3,0,408,"4,5",medical,0.9867768595041323,0.011210462782025284,0.9181818181818182,0.788888888888889,0.0,0.5,0.07280524581874381,2.304213762283325
random_10pct_seed3,1,408,"4,5",medical,0.9867768595041323,0.009917355371900844,0.9,0.8908730158730158,0.0,0.5454545454545454,0.048459204720285975,2.753159999847412
random_10pct_seed3,2,408,"4,5",medical,0.9570247933884298,0.021803150344252717,0.9,0.9297619047619047,0.0,0.6363636363636364,0.07263650482406792,3.278982162475586
random_10pct_seed3,3,408,"4,5",medical,0.9603305785123967,0.028341203635507833,0.9090909090909092,0.9377976190476192,0.0,0.6363636363636364,0.018777869038331896,2.458585262298584
random_10pct_seed3,4,408,"4,5",medical,0.8925619834710743,0.03946226904566387,0.8,0.9202380952380953,0.0,0.5909090909090909,0.01959741256713865,2.5530848503112793
random_10pct_seed3,5,408,"4,5",medical,0.909090909090909,0.04645774982662873,0.8090909090909092,0.9448412698412698,0.0,0.6363636363636364,0.0008375421490587343,2.9622642993927
random_10pct_seed4,0,408,"4,5",medical,0.9867768595041323,0.011210462782025284,0.9181818181818182,0.788888888888889,0.0,0.5,0.07280524581874381,2.304213762283325
random_10pct_seed4,1,408,"4,5",medical,0.9867768595041323,0.009917355371900844,0.9,0.8908730158730158,0.0,0.5454545454545454,0.048459204720285975,2.753159999847412
random_10pct_seed4,2,408,"4,5",medical,0.9570247933884298,0.021803150344252717,0.9,0.9297619047619047,0.0,0.6363636363636364,0.07263650482406792,3.278982162475586
random_10pct_seed4,3,408,"4,5",medical,0.9603305785123967,0.028341203635507833,0.9090909090909092,0.9377976190476192,0.0,0.6363636363636364,0.018777869038331896,2.458585262298584
random_10pct_seed4,4,408,"4,5",medical,0.8925619834710744,0.04931052525678115,0.8181818181818181,0.9297619047619048,0.0,0.6818181818181818,0.0186667628073397,2.5109424591064453
random_10pct_seed4,5,408,"4,5",medical,0.8809917355371901,0.03451340994681173,0.7727272727272727,0.9404761904761905,0.0,0.6818181818181818,0.0006733990063033657,2.9308176040649414
clean,0,0,"4,5",legal,0.7810650887573963,0.048361696430065174,0.7461538461538461,,,,0.050395430007308395,1.9848979711532593
clean,1,0,"4,5",legal,0.821301775147929,0.01994354975899735,0.7461538461538462,,,,0.032519445335442154,2.1681652069091797
clean,2,0,"4,5",legal,0.8248520710059172,0.04041034574902689,0.8,,,,0.040556137430960204,2.9263134002685547
clean,3,0,"4,5",legal,0.81301775147929,0.04341760077596245,0.7307692307692308,,,,0.01368156216957006,2.432150363922119
clean,4,0,"4,5",legal,0.7798816568047338,0.04054873774914038,0.7230769230769232,,,,0.01055086909856795,1.7338976860046387
clean,5,0,"4,5",legal,0.6390532544378699,0.055885060133101044,0.6230769230769231,,,,0.0002773913836934261,3.0247802734375
affinity_5pct,0,204,"4,5",legal,0.7810650887573963,0.048361696430065174,0.7461538461538461,,,,0.050395430007308395,1.9848979711532593
affinity_5pct,1,204,"4,5",legal,0.821301775147929,0.01994354975899735,0.7461538461538462,,,,0.032519445335442154,2.1681652069091797
affinity_5pct,2,204,"4,5",legal,0.8248520710059172,0.04041034574902689,0.8,,,,0.040556137430960204,2.9263134002685547
affinity_5pct,3,204,"4,5",legal,0.81301775147929,0.04341760077596245,0.7307692307692308,,,,0.01368156216957006,2.432150363922119
affinity_5pct,4,204,"4,5",legal,0.7775147928994084,0.03210570406213145,0.7230769230769232,,,,0.010581572152802088,1.7242692708969116
affinity_5pct,5,204,"4,5",legal,0.647337278106509,0.05443786982248524,0.6076923076923076,,,,0.00026690004783191945,2.7341201305389404
coverage_5pct,0,204,"4,5",legal,0.7810650887573963,0.048361696430065174,0.7461538461538461,,,,0.050395430007308395,1.9848979711532593
coverage_5pct,1,204,"4,5",legal,0.821301775147929,0.01994354975899735,0.7461538461538462,,,,0.032519445335442154,2.1681652069091797
coverage_5pct,2,204,"4,5",legal,0.8248520710059172,0.04041034574902689,0.8,,,,0.040556137430960204,2.9263134002685547
coverage_5pct,3,204,"4,5",legal,0.81301775147929,0.04341760077596245,0.7307692307692308,,,,0.01368156216957006,2.432150363922119
coverage_5pct,4,204,"4,5",legal,0.8224852071005918,0.044908085114817205,0.6846153846153846,,,,0.008870959986815197,1.9254857301712036
coverage_5pct,5,204,"4,5",legal,0.7739644970414201,0.03458376141113006,0.7076923076923076,,,,0.0011859723479556994,2.029176950454712
mass_5pct,0,204,"4,5",legal,0.7810650887573963,0.048361696430065174,0.7461538461538461,,,,0.050395430007308395,1.9848979711532593
mass_5pct,1,204,"4,5",legal,0.821301775147929,0.01994354975899735,0.7461538461538462,,,,0.032519445335442154,2.1681652069091797
mass_5pct,2,204,"4,5",legal,0.8248520710059172,0.04041034574902689,0.8,,,,0.040556137430960204,2.9263134002685547
mass_5pct,3,204,"4,5",legal,0.81301775147929,0.04341760077596245,0.7307692307692308,,,,0.01368156216957006,2.432150363922119
mass_5pct,4,204,"4,5",legal,0.8059171597633137,0.04528077270937041,0.6846153846153846,,,,0.009556487928404134,1.89299738407135
mass_5pct,5,204,"4,5",legal,0.7775147928994082,0.029132623964712865,0.6846153846153846,,,,0.0011159111751226636,2.0938146114349365
random_5pct_seed0,0,204,"4,5",legal,0.7810650887573963,0.048361696430065174,0.7461538461538461,,,,0.050395430007308395,1.9848979711532593
random_5pct_seed0,1,204,"4,5",legal,0.821301775147929,0.01994354975899735,0.7461538461538462,,,,0.032519445335442154,2.1681652069091797
random_5pct_seed0,2,204,"4,5",legal,0.8248520710059172,0.04041034574902689,0.8,,,,0.040556137430960204,2.9263134002685547
random_5pct_seed0,3,204,"4,5",legal,0.81301775147929,0.04341760077596245,0.7307692307692308,,,,0.01368156216957006,2.432150363922119
random_5pct_seed0,4,204,"4,5",legal,0.7881656804733728,0.040548737749140376,0.7230769230769232,,,,0.009874368668306044,1.7434195280075073
random_5pct_seed0,5,204,"4,5",legal,0.7136094674556214,0.07462193027424589,0.6538461538461539,,,,0.00034106974257208655,2.8273401260375977
random_5pct_seed1,0,204,"4,5",legal,0.7810650887573963,0.048361696430065174,0.7461538461538461,,,,0.050395430007308395,1.9848979711532593
random_5pct_seed1,1,204,"4,5",legal,0.821301775147929,0.01994354975899735,0.7461538461538462,,,,0.032519445335442154,2.1681652069091797
random_5pct_seed1,2,204,"4,5",legal,0.8248520710059172,0.04041034574902689,0.8,,,,0.040556137430960204,2.9263134002685547
random_5pct_seed1,3,204,"4,5",legal,0.81301775147929,0.04341760077596245,0.7307692307692308,,,,0.01368156216957006,2.432150363922119
random_5pct_seed1,4,204,"4,5",legal,0.7692307692307692,0.02619638298364335,0.7000000000000001,,,,0.009786749107666304,1.7395286560058594
random_5pct_seed1,5,204,"4,5",legal,0.655621301775148,0.053503690203348254,0.5923076923076923,,,,0.000294762062220455,2.736341953277588
random_5pct_seed2,0,204,"4,5",legal,0.7810650887573963,0.048361696430065174,0.7461538461538461,,,,0.050395430007308395,1.9848979711532593
random_5pct_seed2,1,204,"4,5",legal,0.821301775147929,0.01994354975899735,0.7461538461538462,,,,0.032519445335442154,2.1681652069091797
random_5pct_seed2,2,204,"4,5",legal,0.8248520710059172,0.04041034574902689,0.8,,,,0.040556137430960204,2.9263134002685547
random_5pct_seed2,3,204,"4,5",legal,0.81301775147929,0.04341760077596245,0.7307692307692308,,,,0.01368156216957006,2.432150363922119
random_5pct_seed2,4,204,"4,5",legal,0.7751479289940828,0.03326264928415429,0.7076923076923076,,,,0.011043879952854496,1.7349205017089844
random_5pct_seed2,5,204,"4,5",legal,0.6520710059171597,0.045742362343402815,0.6076923076923078,,,,0.00030722466269528237,3.017984390258789
random_5pct_seed3,0,204,"4,5",legal,0.7810650887573963,0.048361696430065174,0.7461538461538461,,,,0.050395430007308395,1.9848979711532593
random_5pct_seed3,1,204,"4,5",legal,0.821301775147929,0.01994354975899735,0.7461538461538462,,,,0.032519445335442154,2.1681652069091797
random_5pct_seed3,2,204,"4,5",legal,0.8248520710059172,0.04041034574902689,0.8,,,,0.040556137430960204,2.9263134002685547
random_5pct_seed3,3,204,"4,5",legal,0.81301775147929,0.04341760077596245,0.7307692307692308,,,,0.01368156216957006,2.432150363922119
random_5pct_seed3,4,204,"4,5",legal,0.7881656804733728,0.029798055176364937,0.7307692307692308,,,,0.010272652210251643,1.7642340660095215
random_5pct_seed3,5,204,"4,5",legal,0.6863905325443787,0.046891391138837724,0.6,,,,0.0003791631711724808,3.260154962539673
random_5pct_seed4,0,204,"4,5",legal,0.7810650887573963,0.048361696430065174,0.7461538461538461,,,,0.050395430007308395,1.9848979711532593
random_5pct_seed4,1,204,"4,5",legal,0.821301775147929,0.01994354975899735,0.7461538461538462,,,,0.032519445335442154,2.1681652069091797
random_5pct_seed4,2,204,"4,5",legal,0.8248520710059172,0.04041034574902689,0.8,,,,0.040556137430960204,2.9263134002685547
random_5pct_seed4,3,204,"4,5",legal,0.81301775147929,0.04341760077596245,0.7307692307692308,,,,0.01368156216957006,2.432150363922119
random_5pct_seed4,4,204,"4,5",legal,0.7692307692307693,0.03742340426234767,0.6923076923076923,,,,0.010354840307970403,1.7245956659317017
random_5pct_seed4,5,204,"4,5",legal,0.6615384615384615,0.06771464852506491,0.6230769230769231,,,,0.00028196727251361686,3.031454086303711
affinity_10pct,0,408,"4,5",legal,0.7810650887573963,0.048361696430065174,0.7461538461538461,,,,0.050395430007308395,1.9848979711532593
affinity_10pct,1,408,"4,5",legal,0.821301775147929,0.01994354975899735,0.7461538461538462,,,,0.032519445335442154,2.1681652069091797
affinity_10pct,2,408,"4,5",legal,0.8248520710059172,0.04041034574902689,0.8,,,,0.040556137430960204,2.9263134002685547
affinity_10pct,3,408,"4,5",legal,0.81301775147929,0.04341760077596245,0.7307692307692308,,,,0.01368156216957006,2.432150363922119
affinity_10pct,4,408,"4,5",legal,0.7739644970414202,0.03636045324434847,0.7307692307692308,,,,0.010690589977056075,1.718210220336914
affinity_10pct,5,408,"4,5",legal,0.6650887573964497,0.04801292964520895,0.6307692307692309,,,,0.00026749881677512466,2.905818223953247
coverage_10pct,0,408,"4,5",legal,0.7810650887573963,0.048361696430065174,0.7461538461538461,,,,0.050395430007308395,1.9848979711532593
coverage_10pct,1,408,"4,5",legal,0.821301775147929,0.01994354975899735,0.7461538461538462,,,,0.032519445335442154,2.1681652069091797
coverage_10pct,2,408,"4,5",legal,0.8248520710059172,0.04041034574902689,0.8,,,,0.040556137430960204,2.9263134002685547
coverage_10pct,3,408,"4,5",legal,0.81301775147929,0.04341760077596245,0.7307692307692308,,,,0.01368156216957006,2.432150363922119
coverage_10pct,4,408,"4,5",legal,0.8106508875739644,0.04412154291670356,0.7076923076923076,,,,0.008815193130723986,2.008716344833374
coverage_10pct,5,408,"4,5",legal,0.7644970414201184,0.04054873774914036,0.7307692307692307,,,,0.001579150368237081,2.078775644302368
mass_10pct,0,408,"4,5",legal,0.7810650887573963,0.048361696430065174,0.7461538461538461,,,,0.050395430007308395,1.9848979711532593
mass_10pct,1,408,"4,5",legal,0.821301775147929,0.01994354975899735,0.7461538461538462,,,,0.032519445335442154,2.1681652069091797
mass_10pct,2,408,"4,5",legal,0.8248520710059172,0.04041034574902689,0.8,,,,0.040556137430960204,2.9263134002685547
mass_10pct,3,408,"4,5",legal,0.81301775147929,0.04341760077596245,0.7307692307692308,,,,0.01368156216957006,2.432150363922119
mass_10pct,4,408,"4,5",legal,0.7976331360946747,0.04020186450050422,0.6923076923076923,,,,0.009559217584086843,2.032576560974121
mass_10pct,5,408,"4,5",legal,0.7704142011834318,0.04512586027204171,0.6769230769230768,,,,0.0017780519460391941,2.165485382080078
random_10pct_seed0,0,408,"4,5",legal,0.7810650887573963,0.048361696430065174,0.7461538461538461,,,,0.050395430007308395,1.9848979711532593
random_10pct_seed0,1,408,"4,5",legal,0.821301775147929,0.01994354975899735,0.7461538461538462,,,,0.032519445335442154,2.1681652069091797
random_10pct_seed0,2,408,"4,5",legal,0.8248520710059172,0.04041034574902689,0.8,,,,0.040556137430960204,2.9263134002685547
random_10pct_seed0,3,408,"4,5",legal,0.81301775147929,0.04341760077596245,0.7307692307692308,,,,0.01368156216957006,2.432150363922119
random_10pct_seed0,4,408,"4,5",legal,0.7928994082840237,0.057124347390045765,0.7230769230769231,,,,0.010103137547334606,1.7496556043624878
random_10pct_seed0,5,408,"4,5",legal,0.6828402366863905,0.07610856895059663,0.6461538461538461,,,,0.0003526712276901156,2.4559831619262695
random_10pct_seed1,0,408,"4,5",legal,0.7810650887573963,0.048361696430065174,0.7461538461538461,,,,0.050395430007308395,1.9848979711532593
random_10pct_seed1,1,408,"4,5",legal,0.821301775147929,0.01994354975899735,0.7461538461538462,,,,0.032519445335442154,2.1681652069091797
random_10pct_seed1,2,408,"4,5",legal,0.8248520710059172,0.04041034574902689,0.8,,,,0.040556137430960204,2.9263134002685547
random_10pct_seed1,3,408,"4,5",legal,0.81301775147929,0.04341760077596245,0.7307692307692308,,,,0.01368156216957006,2.432150363922119
random_10pct_seed1,4,408,"4,5",legal,0.7739644970414201,0.027602139147196673,0.7076923076923078,,,,0.009114094918991844,1.7356486320495605
random_10pct_seed1,5,408,"4,5",legal,0.6485207100591717,0.05326758549077823,0.6153846153846154,,,,0.000308461766922008,2.507349729537964
random_10pct_seed2,0,408,"4,5",legal,0.7810650887573963,0.048361696430065174,0.7461538461538461,,,,0.050395430007308395,1.9848979711532593
random_10pct_seed2,1,408,"4,5",legal,0.821301775147929,0.01994354975899735,0.7461538461538462,,,,0.032519445335442154,2.1681652069091797
random_10pct_seed2,2,408,"4,5",legal,0.8248520710059172,0.04041034574902689,0.8,,,,0.040556137430960204,2.9263134002685547
random_10pct_seed2,3,408,"4,5",legal,0.81301775147929,0.04341760077596245,0.7307692307692308,,,,0.01368156216957006,2.432150363922119
random_10pct_seed2,4,408,"4,5",legal,0.7751479289940828,0.03197457061800309,0.7000000000000001,,,,0.010584603989087782,1.7783424854278564
random_10pct_seed2,5,408,"4,5",legal,0.6603550295857988,0.03522574216837213,0.6384615384615385,,,,0.0003036165234575616,2.628321647644043
random_10pct_seed3,0,408,"4,5",legal,0.7810650887573963,0.048361696430065174,0.7461538461538461,,,,0.050395430007308395,1.9848979711532593
random_10pct_seed3,1,408,"4,5",legal,0.821301775147929,0.01994354975899735,0.7461538461538462,,,,0.032519445335442154,2.1681652069091797
random_10pct_seed3,2,408,"4,5",legal,0.8248520710059172,0.04041034574902689,0.8,,,,0.040556137430960204,2.9263134002685547
random_10pct_seed3,3,408,"4,5",legal,0.81301775147929,0.04341760077596245,0.7307692307692308,,,,0.01368156216957006,2.432150363922119
random_10pct_seed3,4,408,"4,5",legal,0.7952662721893491,0.028154739061231466,0.7307692307692308,,,,0.010143645827839776,1.7903296947479248
random_10pct_seed3,5,408,"4,5",legal,0.7041420118343196,0.04217403474841528,0.6384615384615384,,,,0.0004312381430071621,3.2894392013549805
random_10pct_seed4,0,408,"4,5",legal,0.7810650887573963,0.048361696430065174,0.7461538461538461,,,,0.050395430007308395,1.9848979711532593
random_10pct_seed4,1,408,"4,5",legal,0.821301775147929,0.01994354975899735,0.7461538461538462,,,,0.032519445335442154,2.1681652069091797
random_10pct_seed4,2,408,"4,5",legal,0.8248520710059172,0.04041034574902689,0.8,,,,0.040556137430960204,2.9263134002685547
random_10pct_seed4,3,408,"4,5",legal,0.81301775147929,0.04341760077596245,0.7307692307692308,,,,0.01368156216957006,2.432150363922119
random_10pct_seed4,4,408,"4,5",legal,0.7680473372781066,0.030264406751584403,0.6846153846153846,,,,0.010089455870134656,1.7182424068450928
random_10pct_seed4,5,408,"4,5",legal,0.6390532544378699,0.030860129728769937,0.6153846153846154,,,,0.0002734865332361114,3.123692274093628
clean,0,0,"4,5",scientific,0.9066115702479338,0.010567530456648324,0.7863636363636364,0.8871984073234558,0.03341948055837783,0.5227272727272727,0.06186709570504967,2.3859782218933105
clean,1,0,"4,5",scientific,0.9157024793388431,0.012216318594292975,0.85,0.9292035523090815,0.012030134853737015,0.6079545454545454,0.036216474231375084,2.4634828567504883
clean,2,0,"4,5",scientific,0.8979338842975209,0.0157133498692823,0.8227272727272726,0.9139127210643029,0.02245436822277755,0.5738636363636364,0.06886970641907397,3.687443256378174
clean,3,0,"4,5",scientific,0.9388429752066114,0.010901575172126343,0.8818181818181818,0.9353188232529854,0.022843579282724197,0.6590909090909091,0.02088763016599471,2.7984747886657715
clean,4,0,"4,5",scientific,0.9280991735537191,0.014397728421639961,0.8454545454545455,0.9474837810672514,0.010614898583031674,0.6590909090909091,0.019902866368670002,2.428738832473755
clean,5,0,"4,5",scientific,0.8603305785123967,0.04364544107937489,0.7727272727272728,0.9509735486848248,0.01153658265128046,0.6306818181818181,0.000492661106100023,5.954905986785889
affinity_5pct,0,204,"4,5",scientific,0.9066115702479338,0.010567530456648324,0.7863636363636364,0.8871984073234558,0.03341948055837783,0.5227272727272727,0.06186709570504967,2.3859782218933105
affinity_5pct,1,204,"4,5",scientific,0.9157024793388431,0.012216318594292975,0.85,0.9292035523090815,0.012030134853737015,0.6079545454545454,0.036216474231375084,2.4634828567504883
affinity_5pct,2,204,"4,5",scientific,0.8979338842975209,0.0157133498692823,0.8227272727272726,0.9139127210643029,0.02245436822277755,0.5738636363636364,0.06886970641907397,3.687443256378174
affinity_5pct,3,204,"4,5",scientific,0.9388429752066114,0.010901575172126343,0.8818181818181818,0.9353188232529854,0.022843579282724197,0.6590909090909091,0.02088763016599471,2.7984747886657715
affinity_5pct,4,204,"4,5",scientific,0.9276859504132231,0.015238916458335342,0.85,0.9480269396684111,0.009796464122137867,0.6647727272727273,0.019989965017566225,2.420344114303589
affinity_5pct,5,204,"4,5",scientific,0.8549586776859505,0.05073397487427204,0.7772727272727273,0.9548076878777827,0.009552253979953856,0.653409090909091,0.0004740662687352515,5.589696407318115
coverage_5pct,0,204,"4,5",scientific,0.9066115702479338,0.010567530456648324,0.7863636363636364,0.8871984073234558,0.03341948055837783,0.5227272727272727,0.06186709570504967,2.3859782218933105
coverage_5pct,1,204,"4,5",scientific,0.9157024793388431,0.012216318594292975,0.85,0.9292035523090815,0.012030134853737015,0.6079545454545454,0.036216474231375084,2.4634828567504883
coverage_5pct,2,204,"4,5",scientific,0.8979338842975209,0.0157133498692823,0.8227272727272726,0.9139127210643029,0.02245436822277755,0.5738636363636364,0.06886970641907397,3.687443256378174
coverage_5pct,3,204,"4,5",scientific,0.9388429752066114,0.010901575172126343,0.8818181818181818,0.9353188232529854,0.022843579282724197,0.6590909090909091,0.02088763016599471,2.7984747886657715
coverage_5pct,4,204,"4,5",scientific,0.9322314049586776,0.010964048893736852,0.8363636363636363,0.9462458132924223,0.012812853632842014,0.6590909090909091,0.015627576500564677,2.5885744094848633
coverage_5pct,5,204,"4,5",scientific,0.8983471074380166,0.023644164464330528,0.8136363636363637,0.9555598267267433,0.009617788236013284,0.6306818181818181,0.0016477116391632185,3.0219554901123047
mass_5pct,0,204,"4,5",scientific,0.9066115702479338,0.010567530456648324,0.7863636363636364,0.8871984073234558,0.03341948055837783,0.5227272727272727,0.06186709570504967,2.3859782218933105
mass_5pct,1,204,"4,5",scientific,0.9157024793388431,0.012216318594292975,0.85,0.9292035523090815,0.012030134853737015,0.6079545454545454,0.036216474231375084,2.4634828567504883
mass_5pct,2,204,"4,5",scientific,0.8979338842975209,0.0157133498692823,0.8227272727272726,0.9139127210643029,0.02245436822277755,0.5738636363636364,0.06886970641907397,3.687443256378174
mass_5pct,3,204,"4,5",scientific,0.9388429752066114,0.010901575172126343,0.8818181818181818,0.9353188232529854,0.022843579282724197,0.6590909090909091,0.02088763016599471,2.7984747886657715
mass_5pct,4,204,"4,5",scientific,0.9347107438016529,0.009202916302198352,0.8636363636363636,0.9454417005288958,0.015232216284898235,0.6477272727272727,0.017346112882856368,2.6500496864318848
mass_5pct,5,204,"4,5",scientific,0.9,0.013491593154805375,0.8272727272727274,0.9562306885473487,0.005133274067178113,0.6306818181818181,0.001978443438107491,2.71163272857666
random_5pct_seed0,0,204,"4,5",scientific,0.9066115702479338,0.010567530456648324,0.7863636363636364,0.8871984073234558,0.03341948055837783,0.5227272727272727,0.06186709570504967,2.3859782218933105
random_5pct_seed0,1,204,"4,5",scientific,0.9157024793388431,0.012216318594292975,0.85,0.9292035523090815,0.012030134853737015,0.6079545454545454,0.036216474231375084,2.4634828567504883
random_5pct_seed0,2,204,"4,5",scientific,0.8979338842975209,0.0157133498692823,0.8227272727272726,0.9139127210643029,0.02245436822277755,0.5738636363636364,0.06886970641907397,3.687443256378174
random_5pct_seed0,3,204,"4,5",scientific,0.9388429752066114,0.010901575172126343,0.8818181818181818,0.9353188232529854,0.022843579282724197,0.6590909090909091,0.02088763016599471,2.7984747886657715
random_5pct_seed0,4,204,"4,5",scientific,0.9231404958677686,0.01840583260439676,0.8318181818181818,0.9492674221552656,0.010620766459535236,0.6590909090909092,0.01862234527878004,2.409601926803589
random_5pct_seed0,5,204,"4,5",scientific,0.8739669421487604,0.04452467354397016,0.7909090909090909,0.9486973119840041,0.01172631027988314,0.6363636363636364,0.0005610235343932457,5.359176158905029
random_5pct_seed1,0,204,"4,5",scientific,0.9066115702479338,0.010567530456648324,0.7863636363636364,0.8871984073234558,0.03341948055837783,0.5227272727272727,0.06186709570504967,2.3859782218933105
random_5pct_seed1,1,204,"4,5",scientific,0.9157024793388431,0.012216318594292975,0.85,0.9292035523090815,0.012030134853737015,0.6079545454545454,0.036216474231375084,2.4634828567504883
random_5pct_seed1,2,204,"4,5",scientific,0.8979338842975209,0.0157133498692823,0.8227272727272726,0.9139127210643029,0.02245436822277755,0.5738636363636364,0.06886970641907397,3.687443256378174
random_5pct_seed1,3,204,"4,5",scientific,0.9388429752066114,0.010901575172126343,0.8818181818181818,0.9353188232529854,0.022843579282724197,0.6590909090909091,0.02088763016599471,2.7984747886657715
random_5pct_seed1,4,204,"4,5",scientific,0.9338842975206612,0.012669181584095747,0.8545454545454545,0.949040291829451,0.012522038922234628,0.6590909090909091,0.01927299760502854,2.4829046726226807
random_5pct_seed1,5,204,"4,5",scientific,0.8739669421487604,0.041425491024304595,0.8136363636363637,0.9537000148195243,0.011256505514032213,0.6022727272727273,0.0005658273239835809,5.726362228393555
random_5pct_seed2,0,204,"4,5",scientific,0.9066115702479338,0.010567530456648324,0.7863636363636364,0.8871984073234558,0.03341948055837783,0.5227272727272727,0.06186709570504967,2.3859782218933105
random_5pct_seed2,1,204,"4,5",scientific,0.9157024793388431,0.012216318594292975,0.85,0.9292035523090815,0.012030134853737015,0.6079545454545454,0.036216474231375084,2.4634828567504883
random_5pct_seed2,2,204,"4,5",scientific,0.8979338842975209,0.0157133498692823,0.8227272727272726,0.9139127210643029,0.02245436822277755,0.5738636363636364,0.06886970641907397,3.687443256378174
random_5pct_seed2,3,204,"4,5",scientific,0.9388429752066114,0.010901575172126343,0.8818181818181818,0.9353188232529854,0.022843579282724197,0.6590909090909091,0.02088763016599471,2.7984747886657715
random_5pct_seed2,4,204,"4,5",scientific,0.9256198347107437,0.017773399312071593,0.8409090909090908,0.9459959833714187,0.011345625110584324,0.6647727272727273,0.02070961529062343,2.442713975906372
random_5pct_seed2,5,204,"4,5",scientific,0.8797520661157024,0.04604055015663365,0.8181818181818183,0.9510828906672317,0.01496101942462159,0.6363636363636364,0.0005544090898426113,6.016360759735107
random_5pct_seed3,0,204,"4,5",scientific,0.9066115702479338,0.010567530456648324,0.7863636363636364,0.8871984073234558,0.03341948055837783,0.5227272727272727,0.06186709570504967,2.3859782218933105
random_5pct_seed3,1,204,"4,5",scientific,0.9157024793388431,0.012216318594292975,0.85,0.9292035523090815,0.012030134853737015,0.6079545454545454,0.036216474231375084,2.4634828567504883
random_5pct_seed3,2,204,"4,5",scientific,0.8979338842975209,0.0157133498692823,0.8227272727272726,0.9139127210643029,0.02245436822277755,0.5738636363636364,0.06886970641907397,3.687443256378174
random_5pct_seed3,3,204,"4,5",scientific,0.9388429752066114,0.010901575172126343,0.8818181818181818,0.9353188232529854,0.022843579282724197,0.6590909090909091,0.02088763016599471,2.7984747886657715
random_5pct_seed3,4,204,"4,5",scientific,0.9330578512396693,0.014933314875696395,0.8636363636363636,0.9435260946483857,0.014350003781833034,0.6477272727272727,0.01986497544539856,2.470761299133301
random_5pct_seed3,5,204,"4,5",scientific,0.8710743801652893,0.04821802362252836,0.8136363636363637,0.9472396524399234,0.017780105926750292,0.6363636363636364,0.0006224970048651635,5.400006294250488
random_5pct_seed4,0,204,"4,5",scientific,0.9066115702479338,0.010567530456648324,0.7863636363636364,0.8871984073234558,0.03341948055837783,0.5227272727272727,0.06186709570504967,2.3859782218933105
random_5pct_seed4,1,204,"4,5",scientific,0.9157024793388431,0.012216318594292975,0.85,0.9292035523090815,0.012030134853737015,0.6079545454545454,0.036216474231375084,2.4634828567504883
random_5pct_seed4,2,204,"4,5",scientific,0.8979338842975209,0.0157133498692823,0.8227272727272726,0.9139127210643029,0.02245436822277755,0.5738636363636364,0.06886970641907397,3.687443256378174
random_5pct_seed4,3,204,"4,5",scientific,0.9388429752066114,0.010901575172126343,0.8818181818181818,0.9353188232529854,0.022843579282724197,0.6590909090909091,0.02088763016599471,2.7984747886657715
random_5pct_seed4,4,204,"4,5",scientific,0.9301652892561982,0.010648015476632345,0.8318181818181818,0.9443491925278883,0.013551550742443488,0.6534090909090908,0.022037047281720068,2.5320050716400146
random_5pct_seed4,5,204,"4,5",scientific,0.8677685950413224,0.036728076104609826,0.8,0.9502483806022409,0.013609758510029133,0.6477272727272727,0.0005508359514045935,6.2683515548706055
affinity_10pct,0,408,"4,5",scientific,0.9066115702479338,0.010567530456648324,0.7863636363636364,0.8871984073234558,0.03341948055837783,0.5227272727272727,0.06186709570504967,2.3859782218933105
affinity_10pct,1,408,"4,5",scientific,0.9157024793388431,0.012216318594292975,0.85,0.9292035523090815,0.012030134853737015,0.6079545454545454,0.036216474231375084,2.4634828567504883
affinity_10pct,2,408,"4,5",scientific,0.8979338842975209,0.0157133498692823,0.8227272727272726,0.9139127210643029,0.02245436822277755,0.5738636363636364,0.06886970641907397,3.687443256378174
affinity_10pct,3,408,"4,5",scientific,0.9388429752066114,0.010901575172126343,0.8818181818181818,0.9353188232529854,0.022843579282724197,0.6590909090909091,0.02088763016599471,2.7984747886657715
affinity_10pct,4,408,"4,5",scientific,0.9305785123966942,0.014818529815736468,0.85,0.9482439535573,0.009774692679501361,0.6647727272727273,0.020624132369253756,2.417179584503174
affinity_10pct,5,408,"4,5",scientific,0.8611570247933884,0.04168026779809669,0.7772727272727273,0.9536298428362573,0.00964381538516995,0.6534090909090908,0.00048061066539040187,5.58286714553833
coverage_10pct,0,408,"4,5",scientific,0.9066115702479338,0.010567530456648324,0.7863636363636364,0.8871984073234558,0.03341948055837783,0.5227272727272727,0.06186709570504967,2.3859782218933105
coverage_10pct,1,408,"4,5",scientific,0.9157024793388431,0.012216318594292975,0.85,0.9292035523090815,0.012030134853737015,0.6079545454545454,0.036216474231375084,2.4634828567504883
coverage_10pct,2,408,"4,5",scientific,0.8979338842975209,0.0157133498692823,0.8227272727272726,0.9139127210643029,0.02245436822277755,0.5738636363636364,0.06886970641907397,3.687443256378174
coverage_10pct,3,408,"4,5",scientific,0.9388429752066114,0.010901575172126343,0.8818181818181818,0.9353188232529854,0.022843579282724197,0.6590909090909091,0.02088763016599471,2.7984747886657715
coverage_10pct,4,408,"4,5",scientific,0.9223140495867769,0.01361756781263149,0.8590909090909091,0.9479391359065557,0.017377414560274154,0.6477272727272727,0.015197156992145078,2.684068202972412
coverage_10pct,5,408,"4,5",scientific,0.9066115702479338,0.018999279227392796,0.8272727272727274,0.9543898041672809,0.003143196202767318,0.6363636363636364,0.0026808197442111936,2.765446186065674
mass_10pct,0,408,"4,5",scientific,0.9066115702479338,0.010567530456648324,0.7863636363636364,0.8871984073234558,0.03341948055837783,0.5227272727272727,0.06186709570504967,2.3859782218933105
mass_10pct,1,408,"4,5",scientific,0.9157024793388431,0.012216318594292975,0.85,0.9292035523090815,0.012030134853737015,0.6079545454545454,0.036216474231375084,2.4634828567504883
mass_10pct,2,408,"4,5",scientific,0.8979338842975209,0.0157133498692823,0.8227272727272726,0.9139127210643029,0.02245436822277755,0.5738636363636364,0.06886970641907397,3.687443256378174
mass_10pct,3,408,"4,5",scientific,0.9388429752066114,0.010901575172126343,0.8818181818181818,0.9353188232529854,0.022843579282724197,0.6590909090909091,0.02088763016599471,2.7984747886657715
mass_10pct,4,408,"4,5",scientific,0.9231404958677686,0.014158546858687478,0.85,0.9507484051734729,0.01640306751510189,0.6477272727272727,0.015338340044710241,2.6805803775787354
mass_10pct,5,408,"4,5",scientific,0.8975206611570249,0.019843317691806545,0.8136363636363637,0.9592028382076514,0.007227932004922728,0.6306818181818182,0.00281048771231307,2.7245523929595947
random_10pct_seed0,0,408,"4,5",scientific,0.9066115702479338,0.010567530456648324,0.7863636363636364,0.8871984073234558,0.03341948055837783,0.5227272727272727,0.06186709570504967,2.3859782218933105
random_10pct_seed0,1,408,"4,5",scientific,0.9157024793388431,0.012216318594292975,0.85,0.9292035523090815,0.012030134853737015,0.6079545454545454,0.036216474231375084,2.4634828567504883
random_10pct_seed0,2,408,"4,5",scientific,0.8979338842975209,0.0157133498692823,0.8227272727272726,0.9139127210643029,0.02245436822277755,0.5738636363636364,0.06886970641907397,3.687443256378174
random_10pct_seed0,3,408,"4,5",scientific,0.9388429752066114,0.010901575172126343,0.8818181818181818,0.9353188232529854,0.022843579282724197,0.6590909090909091,0.02088763016599471,2.7984747886657715
random_10pct_seed0,4,408,"4,5",scientific,0.9276859504132231,0.01512645059315959,0.8681818181818182,0.9465656328320802,0.012322546494507015,0.6590909090909091,0.019935290659928162,2.4539401531219482
random_10pct_seed0,5,408,"4,5",scientific,0.8958677685950412,0.04737851539524329,0.8318181818181818,0.9434908310912085,0.021756365688625896,0.6590909090909091,0.0006294206354704457,4.8161749839782715
random_10pct_seed1,0,408,"4,5",scientific,0.9066115702479338,0.010567530456648324,0.7863636363636364,0.8871984073234558,0.03341948055837783,0.5227272727272727,0.06186709570504967,2.3859782218933105
random_10pct_seed1,1,408,"4,5",scientific,0.9157024793388431,0.012216318594292975,0.85,0.9292035523090815,0.012030134853737015,0.6079545454545454,0.036216474231375084,2.4634828567504883
random_10pct_seed1,2,408,"4,5",scientific,0.8979338842975209,0.0157133498692823,0.8227272727272726,0.9139127210643029,0.02245436822277755,0.5738636363636364,0.06886970641907397,3.687443256378174
random_10pct_seed1,3,408,"4,5",scientific,0.9388429752066114,0.010901575172126343,0.8818181818181818,0.9353188232529854,0.022843579282724197,0.6590909090909091,0.02088763016599471,2.7984747886657715
random_10pct_seed1,4,408,"4,5",scientific,0.9380165289256197,0.01077554116562418,0.8636363636363636,0.9445745471982652,0.012293255245210424,0.6477272727272727,0.018605784947113957,2.4993934631347656
random_10pct_seed1,5,408,"4,5",scientific,0.8888429752066116,0.028819166568863915,0.8318181818181818,0.9497993125429997,0.008969946286790691,0.6363636363636364,0.0006641629255649262,5.336956024169922
random_10pct_seed2,0,408,"4,5",scientific,0.9066115702479338,0.010567530456648324,0.7863636363636364,0.8871984073234558,0.03341948055837783,0.5227272727272727,0.06186709570504967,2.3859782218933105
random_10pct_seed2,1,408,"4,5",scientific,0.9157024793388431,0.012216318594292975,0.85,0.9292035523090815,0.012030134853737015,0.6079545454545454,0.036216474231375084,2.4634828567504883
random_10pct_seed2,2,408,"4,5",scientific,0.8979338842975209,0.0157133498692823,0.8227272727272726,0.9139127210643029,0.02245436822277755,0.5738636363636364,0.06886970641907397,3.687443256378174
random_10pct_seed2,3,408,"4,5",scientific,0.9388429752066114,0.010901575172126343,0.8818181818181818,0.9353188232529854,0.022843579282724197,0.6590909090909091,0.02088763016599471,2.7984747886657715
random_10pct_seed2,4,408,"4,5",scientific,0.9318181818181819,0.013261823583372932,0.8409090909090908,0.945953905136616,0.013216784957211548,0.6534090909090908,0.018945296060756567,2.439258575439453
random_10pct_seed2,5,408,"4,5",scientific,0.8867768595041321,0.04110272231672133,0.8045454545454545,0.9495884126676987,0.017082030592732497,0.625,0.000567223808946804,5.409686088562012
random_10pct_seed3,0,408,"4,5",scientific,0.9066115702479338,0.010567530456648324,0.7863636363636364,0.8871984073234558,0.03341948055837783,0.5227272727272727,0.06186709570504967,2.3859782218933105
random_10pct_seed3,1,408,"4,5",scientific,0.9157024793388431,0.012216318594292975,0.85,0.9292035523090815,0.012030134853737015,0.6079545454545454,0.036216474231375084,2.4634828567504883
random_10pct_seed3,2,408,"4,5",scientific,0.8979338842975209,0.0157133498692823,0.8227272727272726,0.9139127210643029,0.02245436822277755,0.5738636363636364,0.06886970641907397,3.687443256378174
random_10pct_seed3,3,408,"4,5",scientific,0.9388429752066114,0.010901575172126343,0.8818181818181818,0.9353188232529854,0.022843579282724197,0.6590909090909091,0.02088763016599471,2.7984747886657715
random_10pct_seed3,4,408,"4,5",scientific,0.9404958677685948,0.01591847957376717,0.8727272727272727,0.9417305230754582,0.011796494979990907,0.6420454545454546,0.018955733347192028,2.4410510063171387
random_10pct_seed3,5,408,"4,5",scientific,0.8789256198347107,0.04110687641469717,0.8136363636363637,0.940242638996388,0.018806661257539353,0.6136363636363636,0.0006371810797164423,5.18401575088501
random_10pct_seed4,0,408,"4,5",scientific,0.9066115702479338,0.010567530456648324,0.7863636363636364,0.8871984073234558,0.03341948055837783,0.5227272727272727,0.06186709570504967,2.3859782218933105
random_10pct_seed4,1,408,"4,5",scientific,0.9157024793388431,0.012216318594292975,0.85,0.9292035523090815,0.012030134853737015,0.6079545454545454,0.036216474231375084,2.4634828567504883
random_10pct_seed4,2,408,"4,5",scientific,0.8979338842975209,0.0157133498692823,0.8227272727272726,0.9139127210643029,0.02245436822277755,0.5738636363636364,0.06886970641907397,3.687443256378174
random_10pct_seed4,3,408,"4,5",scientific,0.9388429752066114,0.010901575172126343,0.8818181818181818,0.9353188232529854,0.022843579282724197,0.6590909090909091,0.02088763016599471,2.7984747886657715
random_10pct_seed4,4,408,"4,5",scientific,0.937603305785124,0.011643803969921804,0.8545454545454547,0.9438353466386554,0.014591040109913286,0.6704545454545454,0.021672662036713364,2.516751527786255
random_10pct_seed4,5,408,"4,5",scientific,0.903305785123967,0.021724693269578363,0.8136363636363637,0.9461569153428915,0.023074879800288987,0.5965909090909091,0.0005863074945684499,6.249421119689941
clean,0,0,"4,5",verb,0.9578231292517007,0.021540756620476952,0.8666666666666666,0.9056102009517257,0.0,0.5,0.06749298274511273,2.2013144493103027
clean,1,0,"4,5",verb,0.946485260770975,0.019166028670399446,0.8571428571428571,0.9605476364522416,0.0,0.5952380952380952,0.041448671067214615,2.4331247806549072
clean,2,0,"4,5",verb,0.9591836734693878,0.017623001567097906,0.8666666666666666,0.9429822769751175,0.0,0.5714285714285714,0.04337388342889115,2.9332244396209717
clean,3,0,"4,5",verb,0.9410430839002266,0.022991005633807866,0.8714285714285716,0.9586466933264534,0.0,0.6428571428571429,0.017526428226792734,2.476924180984497
clean,4,0,"4,5",verb,0.8848072562358276,0.030772236650680074,0.7761904761904762,0.9298340571608761,0.0,0.6190476190476191,0.018193195554957797,2.378696918487549
clean,5,0,"4,5",verb,0.8671201814058958,0.03744175499419559,0.7904761904761906,0.9341734391124872,0.0,0.6428571428571429,0.00034608531028945677,5.5398850440979
affinity_5pct,0,204,"4,5",verb,0.9578231292517007,0.021540756620476952,0.8666666666666666,0.9056102009517257,0.0,0.5,0.06749298274511273,2.2013144493103027
affinity_5pct,1,204,"4,5",verb,0.946485260770975,0.019166028670399446,0.8571428571428571,0.9605476364522416,0.0,0.5952380952380952,0.041448671067214615,2.4331247806549072
affinity_5pct,2,204,"4,5",verb,0.9591836734693878,0.017623001567097906,0.8666666666666666,0.9429822769751175,0.0,0.5714285714285714,0.04337388342889115,2.9332244396209717
affinity_5pct,3,204,"4,5",verb,0.9410430839002266,0.022991005633807866,0.8714285714285716,0.9586466933264534,0.0,0.6428571428571429,0.017526428226792734,2.476924180984497
affinity_5pct,4,204,"4,5",verb,0.8857142857142856,0.033560090702947847,0.7761904761904762,0.9312351292856323,0.0,0.5952380952380952,0.01872134170510098,2.3849997520446777
affinity_5pct,5,204,"4,5",verb,0.8648526077097506,0.03476420480133658,0.7714285714285716,0.9332820920765967,0.0,0.6666666666666666,0.00035224620758711467,5.449671745300293
coverage_5pct,0,204,"4,5",verb,0.9578231292517007,0.021540756620476952,0.8666666666666666,0.9056102009517257,0.0,0.5,0.06749298274511273,2.2013144493103027
coverage_5pct,1,204,"4,5",verb,0.946485260770975,0.019166028670399446,0.8571428571428571,0.9605476364522416,0.0,0.5952380952380952,0.041448671067214615,2.4331247806549072
coverage_5pct,2,204,"4,5",verb,0.9591836734693878,0.017623001567097906,0.8666666666666666,0.9429822769751175,0.0,0.5714285714285714,0.04337388342889115,2.9332244396209717
coverage_5pct,3,204,"4,5",verb,0.9410430839002266,0.022991005633807866,0.8714285714285716,0.9586466933264534,0.0,0.6428571428571429,0.017526428226792734,2.476924180984497
coverage_5pct,4,204,"4,5",verb,0.8979591836734693,0.039744040453889636,0.8047619047619048,0.9273606811145512,0.0,0.6190476190476191,0.014406441659208347,2.420182466506958
coverage_5pct,5,204,"4,5",verb,0.8897959183673467,0.050186687742620986,0.8095238095238095,0.936494524710469,0.0,0.5952380952380952,0.0016341160839115076,3.700120210647583
mass_5pct,0,204,"4,5",verb,0.9578231292517007,0.021540756620476952,0.8666666666666666,0.9056102009517257,0.0,0.5,0.06749298274511273,2.2013144493103027
mass_5pct,1,204,"4,5",verb,0.946485260770975,0.019166028670399446,0.8571428571428571,0.9605476364522416,0.0,0.5952380952380952,0.041448671067214615,2.4331247806549072
mass_5pct,2,204,"4,5",verb,0.9591836734693878,0.017623001567097906,0.8666666666666666,0.9429822769751175,0.0,0.5714285714285714,0.04337388342889115,2.9332244396209717
mass_5pct,3,204,"4,5",verb,0.9410430839002266,0.022991005633807866,0.8714285714285716,0.9586466933264534,0.0,0.6428571428571429,0.017526428226792734,2.476924180984497
mass_5pct,4,204,"4,5",verb,0.8993197278911564,0.0373317290290371,0.8333333333333333,0.9293628525971792,0.0,0.6190476190476191,0.014270780945488282,2.446864366531372
mass_5pct,5,204,"4,5",verb,0.8866213151927438,0.05587625517010954,0.8047619047619048,0.9340630733287467,0.0,0.6428571428571429,0.001707623750274112,3.72733211517334
random_5pct_seed0,0,204,"4,5",verb,0.9578231292517007,0.021540756620476952,0.8666666666666666,0.9056102009517257,0.0,0.5,0.06749298274511273,2.2013144493103027
random_5pct_seed0,1,204,"4,5",verb,0.946485260770975,0.019166028670399446,0.8571428571428571,0.9605476364522416,0.0,0.5952380952380952,0.041448671067214615,2.4331247806549072
random_5pct_seed0,2,204,"4,5",verb,0.9591836734693878,0.017623001567097906,0.8666666666666666,0.9429822769751175,0.0,0.5714285714285714,0.04337388342889115,2.9332244396209717
random_5pct_seed0,3,204,"4,5",verb,0.9410430839002266,0.022991005633807866,0.8714285714285716,0.9586466933264534,0.0,0.6428571428571429,0.017526428226792734,2.476924180984497
random_5pct_seed0,4,204,"4,5",verb,0.8870748299319727,0.030436211765192768,0.7999999999999999,0.9352797844283913,0.0,0.6190476190476191,0.017850590843975334,2.3934898376464844
random_5pct_seed0,5,204,"4,5",verb,0.8648526077097506,0.04527431077271052,0.7666666666666666,0.9299386896571493,0.0,0.6428571428571429,0.0004233575174342752,5.276050567626953
random_5pct_seed1,0,204,"4,5",verb,0.9578231292517007,0.021540756620476952,0.8666666666666666,0.9056102009517257,0.0,0.5,0.06749298274511273,2.2013144493103027
random_5pct_seed1,1,204,"4,5",verb,0.946485260770975,0.019166028670399446,0.8571428571428571,0.9605476364522416,0.0,0.5952380952380952,0.041448671067214615,2.4331247806549072
random_5pct_seed1,2,204,"4,5",verb,0.9591836734693878,0.017623001567097906,0.8666666666666666,0.9429822769751175,0.0,0.5714285714285714,0.04337388342889115,2.9332244396209717
random_5pct_seed1,3,204,"4,5",verb,0.9410430839002266,0.022991005633807866,0.8714285714285716,0.9586466933264534,0.0,0.6428571428571429,0.017526428226792734,2.476924180984497
random_5pct_seed1,4,204,"4,5",verb,0.8807256235827664,0.032690832273814224,0.7761904761904763,0.9336574432404541,0.0,0.5952380952380952,0.01667095245681982,2.3833725452423096
random_5pct_seed1,5,204,"4,5",verb,0.8630385487528345,0.04113256179001626,0.7952380952380953,0.9354874369338378,0.0,0.6428571428571429,0.0003764754972412909,4.775589942932129
random_5pct_seed2,0,204,"4,5",verb,0.9578231292517007,0.021540756620476952,0.8666666666666666,0.9056102009517257,0.0,0.5,0.06749298274511273,2.2013144493103027
random_5pct_seed2,1,204,"4,5",verb,0.946485260770975,0.019166028670399446,0.8571428571428571,0.9605476364522416,0.0,0.5952380952380952,0.041448671067214615,2.4331247806549072
random_5pct_seed2,2,204,"4,5",verb,0.9591836734693878,0.017623001567097906,0.8666666666666666,0.9429822769751175,0.0,0.5714285714285714,0.04337388342889115,2.9332244396209717
random_5pct_seed2,3,204,"4,5",verb,0.9410430839002266,0.022991005633807866,0.8714285714285716,0.9586466933264534,0.0,0.6428571428571429,0.017526428226792734,2.476924180984497
random_5pct_seed2,4,204,"4,5",verb,0.8943310657596373,0.03798710492765881,0.8142857142857144,0.935614823414746,0.0,0.6428571428571429,0.019700643787860628,2.3736109733581543
random_5pct_seed2,5,204,"4,5",verb,0.8893424036281179,0.03746372141145288,0.8095238095238095,0.9341734391124872,0.0,0.6666666666666666,0.00040310953801270255,5.61110782623291
random_5pct_seed3,0,204,"4,5",verb,0.9578231292517007,0.021540756620476952,0.8666666666666666,0.9056102009517257,0.0,0.5,0.06749298274511273,2.2013144493103027
random_5pct_seed3,1,204,"4,5",verb,0.946485260770975,0.019166028670399446,0.8571428571428571,0.9605476364522416,0.0,0.5952380952380952,0.041448671067214615,2.4331247806549072
random_5pct_seed3,2,204,"4,5",verb,0.9591836734693878,0.017623001567097906,0.8666666666666666,0.9429822769751175,0.0,0.5714285714285714,0.04337388342889115,2.9332244396209717
random_5pct_seed3,3,204,"4,5",verb,0.9410430839002266,0.022991005633807866,0.8714285714285716,0.9586466933264534,0.0,0.6428571428571429,0.017526428226792734,2.476924180984497
random_5pct_seed3,4,204,"4,5",verb,0.9002267573696144,0.03556550372190048,0.8095238095238095,0.9327304423231281,0.0,0.6190476190476191,0.01747393030138411,2.3521435260772705
random_5pct_seed3,5,204,"4,5",verb,0.888888888888889,0.034923579697375855,0.8095238095238095,0.9386946737759432,0.0,0.6428571428571429,0.00042201594838942036,5.04954195022583
random_5pct_seed4,0,204,"4,5",verb,0.9578231292517007,0.021540756620476952,0.8666666666666666,0.9056102009517257,0.0,0.5,0.06749298274511273,2.2013144493103027
random_5pct_seed4,1,204,"4,5",verb,0.946485260770975,0.019166028670399446,0.8571428571428571,0.9605476364522416,0.0,0.5952380952380952,0.041448671067214615,2.4331247806549072
random_5pct_seed4,2,204,"4,5",verb,0.9591836734693878,0.017623001567097906,0.8666666666666666,0.9429822769751175,0.0,0.5714285714285714,0.04337388342889115,2.9332244396209717
random_5pct_seed4,3,204,"4,5",verb,0.9410430839002266,0.022991005633807866,0.8714285714285716,0.9586466933264534,0.0,0.6428571428571429,0.017526428226792734,2.476924180984497
random_5pct_seed4,4,204,"4,5",verb,0.8929705215419501,0.03466941470043787,0.7952380952380953,0.9308606739479417,0.0,0.6190476190476191,0.017602760780537685,2.3469340801239014
random_5pct_seed4,5,204,"4,5",verb,0.8748299319727891,0.0343415782632971,0.7857142857142858,0.9360885362917097,0.0,0.6428571428571429,0.00035088187464060727,5.480318546295166
affinity_10pct,0,408,"4,5",verb,0.9578231292517007,0.021540756620476952,0.8666666666666666,0.9056102009517257,0.0,0.5,0.06749298274511273,2.2013144493103027
affinity_10pct,1,408,"4,5",verb,0.946485260770975,0.019166028670399446,0.8571428571428571,0.9605476364522416,0.0,0.5952380952380952,0.041448671067214615,2.4331247806549072
affinity_10pct,2,408,"4,5",verb,0.9591836734693878,0.017623001567097906,0.8666666666666666,0.9429822769751175,0.0,0.5714285714285714,0.04337388342889115,2.9332244396209717
affinity_10pct,3,408,"4,5",verb,0.9410430839002266,0.022991005633807866,0.8714285714285716,0.9586466933264534,0.0,0.6428571428571429,0.017526428226792734,2.476924180984497
affinity_10pct,4,408,"4,5",verb,0.890702947845805,0.034935356322123814,0.7857142857142857,0.9315755432289874,0.0,0.6190476190476191,0.019391342857736027,2.3892743587493896
affinity_10pct,5,408,"4,5",verb,0.8675736961451248,0.0369162112017573,0.7857142857142858,0.9361809855521156,0.0,0.6666666666666666,0.0003583937773216084,5.447837829589844
coverage_10pct,0,408,"4,5",verb,0.9578231292517007,0.021540756620476952,0.8666666666666666,0.9056102009517257,0.0,0.5,0.06749298274511273,2.2013144493103027
coverage_10pct,1,408,"4,5",verb,0.946485260770975,0.019166028670399446,0.8571428571428571,0.9605476364522416,0.0,0.5952380952380952,0.041448671067214615,2.4331247806549072
coverage_10pct,2,408,"4,5",verb,0.9591836734693878,0.017623001567097906,0.8666666666666666,0.9429822769751175,0.0,0.5714285714285714,0.04337388342889115,2.9332244396209717
coverage_10pct,3,408,"4,5",verb,0.9410430839002266,0.022991005633807866,0.8714285714285716,0.9586466933264534,0.0,0.6428571428571429,0.017526428226792734,2.476924180984497
coverage_10pct,4,408,"4,5",verb,0.8975056689342404,0.03249520928376029,0.8142857142857143,0.9368627092649926,0.0,0.6190476190476191,0.013021685635216662,2.4876821041107178
coverage_10pct,5,408,"4,5",verb,0.889795918367347,0.04592830440334567,0.8047619047619048,0.9548867317394794,0.0,0.5952380952380952,0.002485689455901774,3.3171944618225098
mass_10pct,0,408,"4,5",verb,0.9578231292517007,0.021540756620476952,0.8666666666666666,0.9056102009517257,0.0,0.5,0.06749298274511273,2.2013144493103027
mass_10pct,1,408,"4,5",verb,0.946485260770975,0.019166028670399446,0.8571428571428571,0.9605476364522416,0.0,0.5952380952380952,0.041448671067214615,2.4331247806549072
mass_10pct,2,408,"4,5",verb,0.9591836734693878,0.017623001567097906,0.8666666666666666,0.9429822769751175,0.0,0.5714285714285714,0.04337388342889115,2.9332244396209717
mass_10pct,3,408,"4,5",verb,0.9410430839002266,0.022991005633807866,0.8714285714285716,0.9586466933264534,0.0,0.6428571428571429,0.017526428226792734,2.476924180984497
mass_10pct,4,408,"4,5",verb,0.8997732426303855,0.034490981118968755,0.8285714285714285,0.9330115525742461,0.0,0.6190476190476191,0.012561723132152647,2.4668259620666504
mass_10pct,5,408,"4,5",verb,0.8798185941043084,0.051609100574789304,0.8047619047619048,0.9461954262699231,0.0,0.6428571428571429,0.002654399637252336,3.161024570465088
random_10pct_seed0,0,408,"4,5",verb,0.9578231292517007,0.021540756620476952,0.8666666666666666,0.9056102009517257,0.0,0.5,0.06749298274511273,2.2013144493103027
random_10pct_seed0,1,408,"4,5",verb,0.946485260770975,0.019166028670399446,0.8571428571428571,0.9605476364522416,0.0,0.5952380952380952,0.041448671067214615,2.4331247806549072
random_10pct_seed0,2,408,"4,5",verb,0.9591836734693878,0.017623001567097906,0.8666666666666666,0.9429822769751175,0.0,0.5714285714285714,0.04337388342889115,2.9332244396209717
random_10pct_seed0,3,408,"4,5",verb,0.9410430839002266,0.022991005633807866,0.8714285714285716,0.9586466933264534,0.0,0.6428571428571429,0.017526428226792734,2.476924180984497
random_10pct_seed0,4,408,"4,5",verb,0.8920634920634921,0.03749664690901478,0.8,0.9367552101249856,0.0,0.6428571428571429,0.018566352047001633,2.365213394165039
random_10pct_seed0,5,408,"4,5",verb,0.8707482993197277,0.04237390885006109,0.7809523809523811,0.9355949360738447,0.0,0.6904761904761905,0.0004929309268452142,5.016022682189941
random_10pct_seed1,0,408,"4,5",verb,0.9578231292517007,0.021540756620476952,0.8666666666666666,0.9056102009517257,0.0,0.5,0.06749298274511273,2.2013144493103027
random_10pct_seed1,1,408,"4,5",verb,0.946485260770975,0.019166028670399446,0.8571428571428571,0.9605476364522416,0.0,0.5952380952380952,0.041448671067214615,2.4331247806549072
random_10pct_seed1,2,408,"4,5",verb,0.9591836734693878,0.017623001567097906,0.8666666666666666,0.9429822769751175,0.0,0.5714285714285714,0.04337388342889115,2.9332244396209717
random_10pct_seed1,3,408,"4,5",verb,0.9410430839002266,0.022991005633807866,0.8714285714285716,0.9586466933264534,0.0,0.6428571428571429,0.017526428226792734,2.476924180984497
random_10pct_seed1,4,408,"4,5",verb,0.888888888888889,0.0411425611974303,0.7904761904761906,0.9279456556014218,0.0,0.6190476190476191,0.015994512177041176,2.3793530464172363
random_10pct_seed1,5,408,"4,5",verb,0.86984126984127,0.04115755575342742,0.7904761904761906,0.9355413656690746,0.0,0.6428571428571429,0.00042403949533964536,4.877854347229004
random_10pct_seed2,0,408,"4,5",verb,0.9578231292517007,0.021540756620476952,0.8666666666666666,0.9056102009517257,0.0,0.5,0.06749298274511273,2.2013144493103027
random_10pct_seed2,1,408,"4,5",verb,0.946485260770975,0.019166028670399446,0.8571428571428571,0.9605476364522416,0.0,0.5952380952380952,0.041448671067214615,2.4331247806549072
random_10pct_seed2,2,408,"4,5",verb,0.9591836734693878,0.017623001567097906,0.8666666666666666,0.9429822769751175,0.0,0.5714285714285714,0.04337388342889115,2.9332244396209717
random_10pct_seed2,3,408,"4,5",verb,0.9410430839002266,0.022991005633807866,0.8714285714285716,0.9586466933264534,0.0,0.6428571428571429,0.017526428226792734,2.476924180984497
random_10pct_seed2,4,408,"4,5",verb,0.9024943310657596,0.03698300777845825,0.8238095238095239,0.9347754342965257,0.0,0.6428571428571429,0.019923465458508316,2.4196534156799316
random_10pct_seed2,5,408,"4,5",verb,0.8979591836734693,0.03553657691457546,0.8142857142857143,0.9278695103772503,0.0,0.6666666666666666,0.00044668101625489065,5.751684665679932
random_10pct_seed3,0,408,"4,5",verb,0.9578231292517007,0.021540756620476952,0.8666666666666666,0.9056102009517257,0.0,0.5,0.06749298274511273,2.2013144493103027
random_10pct_seed3,1,408,"4,5",verb,0.946485260770975,0.019166028670399446,0.8571428571428571,0.9605476364522416,0.0,0.5952380952380952,0.041448671067214615,2.4331247806549072
random_10pct_seed3,2,408,"4,5",verb,0.9591836734693878,0.017623001567097906,0.8666666666666666,0.9429822769751175,0.0,0.5714285714285714,0.04337388342889115,2.9332244396209717
random_10pct_seed3,3,408,"4,5",verb,0.9410430839002266,0.022991005633807866,0.8714285714285716,0.9586466933264534,0.0,0.6428571428571429,0.017526428226792734,2.476924180984497
random_10pct_seed3,4,408,"4,5",verb,0.9006802721088436,0.03376781944487306,0.8095238095238095,0.9290914172686618,0.0,0.6190476190476191,0.017415659596764388,2.3203656673431396
random_10pct_seed3,5,408,"4,5",verb,0.8893424036281179,0.03271598874715906,0.7904761904761904,0.944771062664832,0.0,0.6666666666666666,0.0004371719887690251,5.004955768585205
random_10pct_seed4,0,408,"4,5",verb,0.9578231292517007,0.021540756620476952,0.8666666666666666,0.9056102009517257,0.0,0.5,0.06749298274511273,2.2013144493103027
random_10pct_seed4,1,408,"4,5",verb,0.946485260770975,0.019166028670399446,0.8571428571428571,0.9605476364522416,0.0,0.5952380952380952,0.041448671067214615,2.4331247806549072
random_10pct_seed4,2,408,"4,5",verb,0.9591836734693878,0.017623001567097906,0.8666666666666666,0.9429822769751175,0.0,0.5714285714285714,0.04337388342889115,2.9332244396209717
random_10pct_seed4,3,408,"4,5",verb,0.9410430839002266,0.022991005633807866,0.8714285714285716,0.9586466933264534,0.0,0.6428571428571429,0.017526428226792734,2.476924180984497
random_10pct_seed4,4,408,"4,5",verb,0.8943310657596371,0.033895486514385086,0.8,0.9313426284256392,0.0,0.6190476190476191,0.017764424642734866,2.3629839420318604
random_10pct_seed4,5,408,"4,5",verb,0.8775510204081632,0.0345386535413329,0.7857142857142858,0.9343149796468295,0.0,0.6190476190476191,0.0003794717631683264,4.870729923248291
